"Month Year","Homicide (Murder)","Other Homicide","Attempted Murder","Conspiracy to Murder","Manslaughter (excl. by driving)","Driving Causing Death","Manslaughter Unlawful Striking Causing Death","Assault","Grievous Assault","Serious Assault","Serious Assault (Other)","Common Assault'","Sexual Offences","Rape and Attempted Rape","Other Sexual Offences","Robbery","Armed Robbery","Unarmed Robbery","Other Offences Against the Person","Kidnapping & Abduction etc.","Extortion","Stalking","Life Endangering Acts","Offences Against the Person","Unlawful Entry","Unlawful Entry With Intent - Dwelling","Unlawful Entry Without Violence - Dwelling","Unlawful Entry With Violence - Dwelling","Unlawful Entry With Intent - Shop","Unlawful Entry With Intent - Other","Arson","Other Property Damage","Unlawful Use of Motor Vehicle","Other Theft (excl. Unlawful Entry)","Stealing from Dwellings","Shop Stealing","Vehicles (steal from/enter with intent)","Other Stealing","Fraud","Fraud by Computer","Fraud by Cheque","Fraud by Credit Card","Identity Fraud","Other Fraud","Handling Stolen Goods","Possess Property Suspected Stolen","Receiving Stolen Property","Possess etc. Tainted Property","Other Handling Stolen Goods","Offences Against Property","Drug Offences","Trafficking Drugs","Possess Drugs","Produce Drugs","Sell Supply Drugs","Other Drug Offences","Prostitution Offences","Found in Places Used for Purpose of Prostitution Offences","Have Interest in Premises Used for Prostitution Offences","Knowingly Participate in Provision Prostitution Offences","Public Soliciting","Procuring Prostitution","Permit Minor to be at a Place Used for Prostitution Offences","Advertising Prostitution","Other Prostitution Offences","Liquor (excl. Drunkenness)","Gaming Racing & Betting Offences","Breach Domestic Violence Protection Order","Trespassing and Vagrancy","Weapons Act Offences","Unlawful Possess Concealable Firearm","Unlawful Possess Firearm - Other","Bomb Possess and/or use of","Possess and/or use other weapons; restricted items","Weapons Act Offences - Other","Good Order Offences","Disobey Move-on Direction","Resist Incite Hinder Obstruct Police","Fare Evasion","Public Nuisance","Stock Related Offences","Traffic and Related Offences","Dangerous Operation of a Vehicle","Drink Driving","Disqualified Driving","Interfere with Mechanism of Motor Vehicle","Miscellaneous Offences","Other Offences"
JUL97,7,13,6,1,0,6,0,1243,47,661,102,433,333,46,287,232,132,100,276,32,4,66,174,2104,6335,3736,3685,51,698,1901,155,4408,1549,7965,571,916,2515,3963,1920,0,618,263,0,1039,410,53,219,132,6,22742,2950,8,1329,248,136,1229,34,9,4,3,14,2,0,0,2,99,0,366,134,434,15,161,6,45,207,1130,0,402,85,643,0,1920,86,1628,197,9,82,7149
AUG97,5,27,18,0,0,9,0,1319,60,649,111,499,591,74,517,212,123,89,265,43,13,39,170,2419,6001,3594,3530,64,656,1751,153,4318,1342,7674,529,873,2333,3939,2054,0,458,635,0,961,449,64,211,160,14,21991,3058,4,1433,222,157,1242,22,5,2,2,9,3,0,1,0,144,0,368,140,297,29,89,13,43,123,1410,0,457,103,850,3,2180,97,1827,246,10,104,7726
SEP97,10,8,5,0,1,2,0,1293,47,622,96,528,478,77,401,175,84,91,249,36,2,41,170,2213,5636,3436,3384,52,539,1661,139,4096,1352,7150,468,879,2307,3496,1892,0,498,252,0,1142,323,36,128,151,8,20588,2937,12,1287,256,140,1242,8,3,1,1,3,0,0,0,0,138,0,338,162,214,10,78,6,27,93,1292,0,439,67,786,2,1971,82,1670,210,9,84,7146
OCT97,4,15,6,0,2,7,0,1461,55,756,108,542,557,51,506,214,104,110,286,31,3,71,181,2537,6045,3717,3662,55,591,1737,106,4420,1293,7916,570,832,2496,4018,2240,0,586,253,0,1401,420,56,171,185,8,22440,2932,3,1359,241,146,1183,29,6,1,5,16,1,0,0,0,141,1,401,137,293,21,113,4,48,107,1430,0,509,59,862,0,2126,101,1766,244,15,77,7567
NOV97,4,13,12,0,0,1,0,1526,61,750,121,594,444,64,380,201,112,89,293,37,7,57,192,2481,5804,3592,3534,58,529,1683,145,4039,1271,7581,544,891,2242,3904,1480,0,358,261,0,861,414,56,151,200,7,20734,3079,12,1448,236,153,1230,50,9,3,5,28,1,0,0,4,170,0,398,154,300,17,108,3,53,119,1587,0,551,91,945,1,2315,85,1946,273,11,104,8158
DEC97,7,28,15,2,1,10,0,1569,64,780,121,604,585,82,503,178,91,87,285,35,9,43,198,2652,6173,3948,3876,72,617,1608,149,4181,1530,7832,589,884,2411,3948,2311,0,475,269,0,1567,407,53,171,170,13,22583,2981,8,1335,250,243,1145,69,2,1,3,61,0,1,0,1,200,1,482,164,310,30,127,5,40,108,1647,0,578,91,978,18,2242,94,1879,260,9,73,8187
JAN98,3,15,8,1,2,4,0,1503,71,753,110,569,629,62,567,168,90,78,260,25,11,47,177,2578,6859,4376,4289,87,657,1826,156,4553,1550,8028,612,781,2692,3943,2363,0,559,451,0,1353,422,69,192,150,11,23931,2845,10,1250,205,151,1229,15,3,0,2,8,1,0,0,1,187,6,513,201,297,20,115,3,33,126,1757,0,603,105,1049,1,2328,89,1954,271,14,104,8254
FEB98,11,12,9,0,1,2,0,1339,63,689,78,509,444,66,378,162,88,74,260,49,6,41,164,2228,6155,3840,3764,76,578,1737,124,3937,1291,7430,657,773,2327,3673,2190,0,494,224,0,1472,352,61,147,136,8,21479,2704,4,1194,216,139,1151,42,17,3,3,7,0,11,0,1,142,3,402,211,264,20,93,3,47,101,1373,0,497,77,799,3,2055,74,1745,225,11,59,7258
MAR98,3,20,12,0,2,6,0,1577,70,803,98,606,474,79,395,197,100,97,309,35,6,70,198,2580,6550,3937,3865,72,637,1976,139,4232,1244,8106,631,823,2566,4086,2314,0,394,342,0,1578,393,62,186,136,9,22978,2942,9,1371,234,178,1150,48,0,0,1,43,4,0,0,0,144,70,442,164,286,20,102,5,38,121,1398,0,567,78,753,14,2218,69,1877,252,20,88,7814
APR98,5,29,25,0,1,3,0,1324,47,665,89,523,445,53,392,208,103,105,327,46,6,65,210,2338,6496,3891,3819,72,634,1971,105,4138,1231,7385,603,802,2396,3584,2473,0,394,454,0,1625,398,46,196,147,9,22226,2371,16,1107,141,169,938,42,8,0,15,17,1,1,0,0,109,1,387,270,278,22,101,2,63,90,1524,18,708,92,706,1,1851,71,1555,214,11,82,6916
MAY98,6,12,10,0,0,2,0,1252,59,634,56,503,399,60,339,209,113,96,270,26,1,48,195,2148,6358,3679,3616,63,696,1983,128,4370,1381,8008,555,933,2647,3873,2748,0,409,409,0,1930,432,63,193,165,11,23425,2772,7,1327,149,217,1072,24,0,0,0,23,1,0,0,0,108,0,376,145,322,16,106,4,75,121,1449,18,592,111,728,4,2488,122,2063,289,14,97,7785
JUN98,6,18,10,0,1,7,0,1230,46,601,73,510,362,47,315,215,105,110,248,21,4,46,177,2079,6077,3442,3390,52,771,1864,141,4236,1203,7937,543,971,2624,3799,2258,0,433,371,0,1454,497,70,233,179,15,22349,2742,14,1276,167,154,1131,32,1,0,0,24,6,1,0,0,106,1,324,152,344,13,117,5,90,119,1383,16,539,95,733,7,2029,70,1704,242,13,97,7217
JUL98,4,16,14,0,1,1,0,1420,50,682,87,601,548,88,460,191,112,79,296,37,2,59,198,2475,6143,3510,3445,65,698,1935,155,4503,1367,8300,591,995,2732,3982,2713,0,489,686,0,1538,490,126,164,189,11,23671,2969,13,1430,173,129,1224,80,23,8,15,31,3,0,0,0,102,0,432,151,381,22,109,5,99,146,1488,7,616,75,790,48,2248,116,1870,258,4,88,7987
AUG98,3,11,5,0,0,6,0,1460,54,657,107,642,624,61,563,248,125,123,317,33,3,46,235,2663,5990,3334,3280,54,710,1946,122,4596,1487,8146,593,921,2821,3811,3156,0,475,445,0,2236,455,65,188,193,9,23952,3066,8,1470,154,148,1286,22,6,1,2,11,2,0,0,0,110,2,390,181,359,25,102,5,86,141,1815,14,741,114,946,4,2313,110,1944,245,14,94,8356
SEP98,7,12,10,0,0,2,0,1374,47,666,113,548,422,68,354,205,105,100,361,29,14,45,273,2381,5555,3173,3116,57,602,1780,142,4371,1338,8165,636,994,2611,3924,1859,0,387,350,0,1122,368,65,153,141,9,21798,2933,14,1339,182,216,1182,9,0,0,1,3,3,1,1,0,143,0,411,166,403,26,125,5,111,136,1608,12,659,134,803,2,2175,84,1813,270,8,80,7930
OCT98,7,21,12,1,1,7,0,1597,51,776,128,642,543,87,456,211,107,104,322,35,7,52,228,2701,5857,3564,3503,61,595,1698,145,4319,1470,8299,609,926,2661,4103,1829,0,435,289,0,1105,370,53,159,154,4,22289,2906,8,1375,209,140,1174,20,4,0,7,7,1,0,0,1,164,0,454,139,360,20,99,6,117,118,1765,10,703,83,969,5,2282,98,1884,286,14,65,8160
NOV98,8,22,21,0,0,1,0,1517,61,731,97,628,479,76,403,245,116,129,321,38,7,60,216,2592,5923,3548,3482,66,650,1725,139,4417,1501,8342,636,877,2652,4177,1716,0,360,457,0,899,354,53,120,176,5,22392,2716,8,1230,199,178,1101,34,6,1,5,19,3,0,0,0,143,46,396,201,353,20,101,10,105,117,1904,13,758,88,1045,2,2180,95,1812,262,11,117,8092
DEC98,2,8,6,0,0,2,0,1683,71,825,100,687,664,90,574,223,101,122,286,13,6,50,217,2866,6285,3889,3802,87,698,1698,140,4396,1532,8400,665,1022,2644,4069,2041,1,403,538,0,1099,464,92,143,220,9,23258,2836,14,1361,212,124,1125,18,3,0,8,5,2,0,0,0,168,1,473,154,361,16,88,7,132,118,2072,9,857,104,1102,0,2506,93,2108,294,11,174,8763
JAN99,8,19,14,0,2,3,0,1510,74,750,109,577,437,97,340,206,109,97,324,43,4,45,232,2504,6893,4359,4278,81,776,1758,154,4621,1663,8439,696,842,2838,4063,2407,0,535,428,0,1444,426,51,169,198,8,24603,2660,4,1220,185,135,1116,15,1,0,1,13,0,0,0,0,122,0,478,157,422,25,129,7,118,143,1899,6,753,134,1006,2,2341,123,1915,289,14,82,8178
FEB99,9,6,2,1,0,3,0,1456,59,723,100,574,451,79,372,201,101,100,273,30,6,42,195,2396,5831,3457,3361,96,675,1699,134,4065,1446,7737,602,764,2674,3697,2875,0,549,438,0,1888,431,69,160,188,14,22519,2540,16,1160,174,143,1047,67,10,0,5,52,0,0,0,0,140,0,432,189,409,25,116,4,120,144,1856,8,762,96,990,6,1998,79,1687,223,9,126,7763
MAR99,1,19,14,0,1,4,0,1516,72,770,82,592,830,93,737,239,118,121,303,45,8,51,199,2908,6585,3876,3796,80,752,1957,173,4679,1758,8946,717,936,3081,4212,2248,0,458,442,0,1348,462,75,189,182,16,24851,2775,13,1285,144,168,1165,173,12,2,6,150,3,0,0,0,161,0,442,188,349,26,86,5,108,124,1794,9,806,114,865,8,2233,132,1828,267,6,99,8222
APR99,7,11,10,0,0,1,0,1305,47,661,86,511,283,54,229,197,85,112,248,25,4,31,188,2051,6121,3611,3558,53,752,1758,129,4625,1706,8151,592,841,3053,3665,2285,0,384,437,0,1464,443,77,172,187,7,23460,2767,23,1282,131,215,1116,102,6,2,3,86,4,0,0,1,133,0,359,164,306,15,86,4,95,106,1586,1,697,136,752,4,2197,90,1821,276,10,98,7716
MAY99,8,17,7,0,5,5,0,1375,48,668,99,560,445,63,382,209,109,100,317,42,4,49,222,2371,5857,3429,3368,61,724,1704,127,5268,1731,9113,589,909,3675,3940,2347,0,472,550,0,1325,414,71,144,193,6,24857,2927,12,1349,133,189,1244,49,6,1,1,38,2,0,0,1,104,1,436,177,336,24,80,7,118,107,1586,3,632,107,844,2,2353,109,1954,275,15,91,8062
JUN99,7,15,10,0,1,4,0,1203,52,592,82,477,423,60,363,218,126,92,250,33,6,41,170,2116,5719,3329,3275,54,723,1667,100,4567,1488,8732,604,998,3388,3742,2554,0,467,543,0,1544,505,66,168,263,8,23665,2520,7,1193,124,127,1069,19,3,1,1,14,0,0,0,0,73,0,385,170,338,17,84,8,135,94,1382,6,594,108,674,10,2019,94,1621,295,9,105,7021
JUL99,8,12,7,0,2,3,0,1337,42,641,84,570,416,71,345,164,93,71,254,29,5,46,174,2191,5884,3447,3400,47,714,1723,127,4850,1636,8829,652,1030,3401,3746,1879,0,385,441,0,1053,616,84,332,195,5,23821,2819,21,1309,135,186,1168,48,16,3,10,18,0,0,0,1,109,0,439,184,341,14,84,8,137,98,1503,10,647,100,746,8,2130,93,1772,256,9,105,7686
AUG99,3,12,6,0,0,6,0,1375,62,631,104,578,467,76,391,185,82,103,297,23,6,54,214,2339,6070,3635,3556,79,694,1741,136,5065,1487,8503,642,1012,3188,3661,2314,0,352,717,0,1245,452,78,167,200,7,24027,2929,8,1360,152,219,1190,39,9,1,2,26,1,0,0,0,111,0,391,197,368,22,87,3,143,113,1602,8,642,123,829,18,2178,106,1768,299,5,108,7941
SEP99,5,11,6,0,2,3,0,1436,60,677,107,592,557,75,482,184,84,100,336,32,11,69,224,2529,5754,3694,3607,87,545,1515,147,5456,1517,8898,727,1113,3299,3759,2519,0,349,517,0,1653,405,72,137,188,8,24696,2709,11,1279,183,145,1091,33,0,0,0,33,0,0,0,0,103,2,416,156,356,17,86,9,152,92,1693,1,761,101,830,7,2105,72,1749,277,7,107,7687
OCT99,3,23,19,0,0,4,0,1614,62,781,134,637,730,83,647,224,111,113,331,31,6,65,229,2925,6246,3988,3928,60,580,1678,170,5455,1847,8890,707,955,3225,4003,2131,0,505,474,0,1152,517,98,192,217,10,25256,2970,11,1383,167,148,1261,35,0,0,0,34,1,0,0,0,135,0,465,191,422,26,86,11,145,154,2022,7,839,124,1052,0,2462,116,2015,318,13,105,8807
NOV99,2,11,8,0,0,3,0,1587,64,725,120,678,500,79,421,217,141,76,345,34,4,73,234,2662,6457,3893,3833,60,721,1843,136,5392,1818,9065,831,995,3231,4008,2952,0,528,657,0,1767,489,100,203,176,10,26309,2624,10,1258,160,115,1081,102,0,0,1,99,2,0,0,0,107,1,426,205,433,20,105,9,145,154,1886,0,832,105,949,7,2269,117,1863,282,7,106,8166
DEC99,4,17,7,0,2,8,0,1655,72,813,111,659,385,55,330,174,79,95,268,16,3,57,192,2503,6463,4116,4044,72,634,1713,140,5656,1790,9286,766,1035,3277,4208,1910,0,424,392,0,1094,530,115,160,249,6,25775,3000,11,1457,159,135,1238,29,5,1,2,20,0,1,0,0,146,0,529,229,481,19,112,22,155,173,1970,2,870,118,980,2,2531,93,2085,346,7,114,9031
JAN00,4,15,9,1,0,5,0,1540,52,748,107,633,407,61,346,215,98,117,323,22,4,78,219,2504,6901,4395,4316,79,668,1838,160,5631,1776,9511,775,942,3747,4047,2632,0,371,926,0,1335,615,98,226,280,11,27226,3114,7,1413,187,230,1277,58,10,0,5,41,0,0,0,2,148,3,477,218,452,27,128,9,149,139,2141,9,914,114,1104,4,2495,92,2092,308,3,123,9233
FEB00,5,13,9,1,0,3,0,1469,67,669,119,614,527,95,432,198,103,95,317,23,2,69,223,2529,6597,3963,3909,54,685,1949,126,4736,1444,8781,768,936,3257,3820,2677,0,504,833,0,1340,439,81,141,208,9,24800,3515,13,1583,261,160,1498,98,2,0,1,93,2,0,0,0,121,1,447,232,1095,18,110,6,151,810,1743,10,757,100,876,3,2079,100,1675,288,16,115,9449
MAR00,8,19,14,0,0,5,0,1684,72,819,138,655,454,86,368,170,85,85,368,27,12,90,239,2703,6759,4120,4064,56,666,1973,154,4973,1684,9413,779,936,3433,4265,3771,0,377,733,0,2661,490,106,125,245,14,27244,3641,14,1582,198,298,1549,38,8,2,4,21,2,1,0,0,166,2,461,221,460,21,105,15,164,155,1874,5,778,107,984,2,2249,102,1819,317,11,100,9214
APR00,7,10,7,0,0,3,0,1426,48,638,113,627,339,63,276,151,84,67,310,29,5,70,206,2243,6212,3666,3618,48,686,1860,127,4728,1558,8431,654,1016,3192,3569,1901,0,269,763,0,869,745,368,150,218,9,23702,2875,4,1338,171,134,1228,32,2,1,3,26,0,0,0,0,123,0,430,206,381,22,95,4,151,109,1825,6,810,122,887,2,2262,144,1834,275,9,125,8261
MAY00,6,15,9,0,0,6,0,1230,57,559,75,539,363,75,288,201,116,85,333,40,4,68,221,2148,6652,3767,3722,45,742,2143,117,5357,1730,9226,707,1050,3486,3983,2295,0,358,447,0,1490,460,92,148,209,11,25837,2812,20,1305,127,152,1208,20,5,1,3,11,0,0,0,0,84,1,405,221,328,19,85,3,107,114,1549,2,622,171,754,1,1965,83,1607,267,8,135,7521
JUN00,18,18,17,0,0,1,0,1290,54,601,77,558,447,72,375,174,90,84,327,22,8,91,206,2274,5800,3245,3187,58,669,1886,144,5022,1664,9170,647,1121,3463,3939,2290,0,371,807,0,1112,503,94,157,241,11,24593,3051,18,1423,126,194,1290,36,6,2,4,23,1,0,0,0,98,0,406,169,392,24,79,11,149,129,1511,4,696,109,702,4,2074,92,1673,303,6,144,7885
JUL00,7,12,6,0,0,6,0,1293,58,621,97,517,595,64,531,189,108,81,313,27,7,72,207,2409,6079,3442,3390,52,661,1976,139,5443,1684,9365,642,1142,3488,4093,2125,0,449,546,0,1130,437,95,102,232,8,25272,2968,4,1583,126,113,1142,12,0,0,2,10,0,0,0,0,94,0,377,179,382,10,75,2,155,140,1646,11,668,133,834,1,2107,90,1709,294,14,114,7880
AUG00,4,18,14,0,2,2,0,1459,61,692,120,586,418,66,352,186,96,90,346,25,2,65,254,2431,6090,3335,3283,52,750,2005,144,5653,1696,9828,695,1080,3659,4394,2200,0,476,590,0,1134,527,102,140,277,8,26138,3117,12,1440,136,182,1347,19,0,0,0,19,0,0,0,0,82,1,509,240,376,23,81,3,166,103,1690,10,769,143,768,12,2417,122,1914,373,8,100,8563
SEP00,3,11,7,0,1,3,0,1407,73,639,128,567,571,84,487,195,108,87,369,34,6,76,253,2556,5841,3190,3141,49,755,1896,122,5420,1718,9654,677,1198,3568,4211,2496,0,294,848,0,1354,543,114,178,237,14,25794,3364,10,1580,168,153,1453,44,5,0,2,36,0,0,1,0,108,0,431,232,465,23,94,18,167,163,1900,10,854,138,898,2,2925,125,2389,407,4,94,9565
OCT00,7,20,17,0,0,3,0,1561,70,747,118,626,483,85,398,214,110,104,345,38,2,79,226,2630,6657,3844,3784,60,792,2021,128,5446,1822,9759,765,1090,3537,4367,2849,0,414,673,0,1762,562,90,134,327,11,27223,2779,14,1300,135,148,1182,57,8,13,21,6,8,0,0,1,117,0,417,218,371,14,77,8,152,120,1907,13,842,113,939,4,2409,116,1850,432,11,178,8457
NOV00,5,11,7,0,3,1,0,1620,68,775,121,656,594,100,494,176,92,84,346,28,5,90,223,2752,6636,3824,3758,66,761,2051,126,5684,1761,10097,785,1280,3436,4596,2181,0,352,608,0,1221,512,108,145,252,7,26997,2957,5,1384,162,129,1277,26,9,2,2,13,0,0,0,0,105,2,504,241,405,25,82,15,153,130,2023,20,889,128,986,4,2213,121,1708,372,12,127,8607
DEC00,7,10,6,0,1,3,0,1773,72,780,151,770,433,111,322,229,123,106,325,21,5,64,235,2777,6508,3887,3817,70,757,1864,140,5449,1666,9777,725,1396,3257,4399,2122,2,279,561,0,1280,482,97,170,206,9,26144,2762,11,1326,148,151,1126,72,0,0,2,70,0,0,0,0,134,0,532,219,405,22,85,14,159,125,2200,16,900,116,1168,9,2677,137,2079,453,8,105,9115
JAN01,9,19,16,0,1,2,0,1577,52,774,117,634,525,155,370,156,91,65,399,42,5,79,273,2685,7084,4139,4053,86,847,2098,151,5446,1644,9861,766,1093,3306,4696,2526,0,448,550,0,1528,584,110,192,273,9,27296,2665,10,1226,165,128,1136,66,8,3,7,48,0,0,0,0,109,2,519,226,436,25,102,8,143,158,2241,16,924,163,1138,4,2418,115,1899,397,7,150,8836
FEB01,4,13,12,0,0,1,0,1548,71,747,126,604,567,83,484,183,92,91,380,27,7,77,269,2695,6244,3620,3557,63,750,1874,136,4680,1615,8905,678,969,3100,4158,2699,0,515,816,0,1368,543,99,181,253,10,24822,2737,13,1176,158,180,1210,63,17,6,14,22,0,0,0,4,91,0,564,214,350,20,81,6,135,108,1980,19,842,122,997,5,2329,102,1883,334,10,112,8445
MAR01,5,14,11,0,0,3,0,1798,86,825,133,754,465,82,383,260,125,135,388,38,8,77,265,2930,6328,3862,3792,70,646,1820,128,5077,1823,9947,728,1183,3309,4727,2906,0,507,1042,0,1357,531,117,132,270,12,26740,3047,6,1423,174,147,1297,49,17,1,4,23,2,0,0,2,183,0,609,229,400,29,80,4,165,122,2345,32,973,126,1214,0,2679,126,2122,422,9,100,9641
APR01,5,13,10,0,2,1,0,1602,58,749,127,668,426,81,345,227,105,122,301,36,9,76,180,2574,6439,3641,3583,58,800,1998,125,5248,1718,9358,633,1054,3459,4212,2489,17,471,1031,0,970,465,81,124,254,6,25842,2913,11,1398,121,113,1270,59,12,2,9,27,2,1,4,2,135,1,514,213,350,12,80,11,132,115,2028,21,883,96,1028,3,2437,91,1999,338,9,119,8772
MAY01,3,15,10,0,2,3,0,1446,51,721,115,559,524,102,422,236,112,124,347,21,8,72,246,2571,6749,4044,3981,63,752,1953,169,5129,1742,9884,683,1221,3535,4445,2088,39,337,695,0,1017,483,82,133,260,8,26244,3130,6,1475,175,138,1336,55,10,5,6,25,2,0,3,4,149,0,511,216,327,14,86,2,135,90,1949,23,820,107,999,22,2487,111,2042,326,8,156,9002
JUN01,3,19,14,0,1,4,0,1472,58,674,129,611,458,79,379,232,102,130,301,22,4,59,216,2485,6280,3617,3555,62,736,1927,165,5236,1705,9542,702,1198,3588,4054,2002,33,316,621,0,1032,464,106,119,232,7,25394,2705,8,1279,122,89,1207,35,8,1,3,19,2,0,1,1,157,2,467,229,373,19,77,11,135,131,2005,27,891,104,983,5,2369,95,1972,293,9,126,8473
JUL01,6,10,3,0,1,6,0,1438,57,675,117,589,562,45,517,196,99,97,306,29,4,74,199,2518,6336,3499,3448,51,806,2031,146,5480,1583,9957,727,1140,3756,4334,2704,73,605,547,0,1479,508,95,148,255,10,26714,2530,7,1191,146,114,1072,52,11,5,11,17,4,0,2,2,120,0,450,190,695,21,104,5,131,434,1776,20,734,99,923,9,2386,101,1952,322,11,121,8329
AUG01,6,14,7,0,2,5,0,1426,55,676,106,589,506,84,422,199,93,106,347,28,5,74,240,2498,5576,3073,3014,59,699,1804,133,5461,1510,9975,684,1225,3616,4450,3020,61,279,916,0,1764,575,100,173,285,17,26250,2806,10,1297,165,122,1212,67,7,4,8,43,1,0,1,3,121,1,520,192,377,26,84,4,140,123,1874,16,822,84,952,9,2575,128,2085,353,9,100,8642
SEP01,3,26,20,1,1,4,0,1546,80,671,141,654,449,67,382,165,77,88,382,23,9,78,272,2571,5235,2848,2788,60,705,1682,154,5313,1496,9571,640,1276,3354,4301,3018,32,304,746,0,1936,534,96,138,292,8,25321,2546,3,1206,144,87,1106,50,11,5,6,23,4,0,0,1,156,3,549,229,529,88,87,8,153,193,1963,16,861,87,999,1,2425,111,1991,315,8,138,8589
OCT01,9,19,13,0,1,5,0,1643,67,773,146,657,518,98,420,214,108,106,501,34,11,95,361,2904,5929,3318,3247,71,698,1913,154,5531,1561,10206,769,1164,3418,4855,2423,30,281,764,0,1348,566,79,202,275,10,26370,3452,6,1612,220,167,1447,87,17,8,11,44,3,0,3,1,177,3,609,227,398,13,79,6,155,145,2403,25,1037,92,1249,3,2900,130,2318,444,8,103,10362
NOV01,7,22,14,2,1,5,0,1673,93,773,149,658,446,84,362,217,105,112,408,30,3,73,302,2773,5517,3136,3075,61,588,1793,117,4860,1453,9766,784,1253,3104,4625,2584,101,239,648,0,1596,485,77,151,249,8,24782,2572,6,1237,150,104,1075,77,5,0,6,58,0,0,1,7,140,0,572,201,421,16,94,6,170,135,2425,38,1028,103,1256,1,2614,128,2062,418,6,109,9132
DEC01,4,23,18,0,1,4,0,1878,90,868,181,739,429,127,302,196,92,104,367,40,7,71,249,2897,5724,3383,3305,78,712,1629,119,4506,1368,9319,748,1243,2982,4346,1836,43,188,724,0,881,430,82,87,248,13,23302,2690,5,1268,198,99,1120,89,4,0,16,69,0,0,0,0,146,1,616,233,370,14,77,16,136,127,2511,27,1044,95,1345,6,2911,126,2414,365,6,94,9667
JAN02,8,22,14,1,2,5,0,1677,65,801,158,653,572,107,465,206,86,120,376,41,3,74,258,2861,6417,3743,3654,89,820,1854,158,3933,1557,10136,798,1113,3442,4783,2307,31,456,623,0,1197,533,75,166,282,10,25041,2480,4,1152,157,64,1103,35,6,3,6,19,1,0,0,0,167,2,654,239,367,10,87,4,146,120,2438,39,1010,118,1271,4,2468,98,1978,380,12,117,8971
FEB02,4,24,17,0,4,3,0,1598,68,759,146,625,510,111,399,161,75,86,329,27,4,57,241,2626,5857,3379,3316,63,741,1737,129,3190,1389,9080,654,1108,3176,4142,1702,13,230,536,0,923,419,72,92,250,5,21766,2560,2,1133,195,119,1111,50,9,2,11,27,1,0,0,0,154,1,598,208,346,16,74,14,122,120,1866,31,795,83,957,7,2313,109,1837,362,5,95,8198
MAR02,6,11,8,0,1,2,0,1716,69,853,115,679,502,113,389,177,89,88,373,22,1,87,263,2785,6411,3586,3513,73,815,2010,136,3583,1576,9725,724,1070,3374,4557,2492,64,232,728,0,1468,490,88,118,272,12,24413,2568,9,1203,140,122,1094,53,12,6,11,20,4,0,0,0,156,0,570,245,333,15,62,6,157,93,2398,30,960,91,1317,0,2654,106,2107,435,6,96,9073
APR02,5,3,2,0,1,0,0,1406,64,692,115,535,513,100,413,168,88,80,284,14,5,74,191,2379,5896,3411,3366,45,660,1825,145,3510,1393,9453,711,1164,3186,4392,1986,51,253,660,0,1022,473,71,145,255,2,22856,2691,3,1273,136,172,1107,57,7,3,14,31,2,0,0,0,104,0,559,201,339,16,66,20,135,102,1977,28,773,111,1065,2,2698,105,2146,442,5,140,8768
MAY02,1,13,7,0,1,5,0,1503,63,696,161,583,1212,115,1097,144,68,76,347,24,3,63,257,3220,5722,3282,3239,43,687,1753,139,3474,1322,10112,788,1275,3337,4712,2292,64,299,630,0,1299,530,116,127,277,10,23591,2913,6,1394,148,121,1244,80,19,9,14,31,7,0,0,0,138,1,496,225,332,18,72,4,137,101,2098,32,881,128,1057,14,2831,133,2218,476,4,112,9240
JUN02,5,13,10,0,1,2,0,1425,54,696,119,556,522,88,434,162,77,85,345,24,2,74,245,2472,5381,2948,2910,38,669,1764,123,3404,1374,9440,691,1215,3405,4129,2484,20,247,943,0,1274,429,93,104,223,9,22635,2629,8,1238,124,131,1128,104,12,4,15,69,4,0,0,0,121,0,517,168,417,18,88,15,150,146,2131,19,873,143,1096,4,2707,114,2155,430,8,131,8929
JUL02,3,16,13,0,0,3,0,1504,66,682,122,634,644,65,579,147,60,87,324,34,1,51,238,2638,5457,3007,2959,48,630,1820,116,3634,1420,10123,750,1289,3551,4533,2608,74,344,1001,0,1189,568,100,147,311,10,23926,3567,10,1679,190,142,1546,77,9,5,8,54,1,0,0,0,156,0,546,197,422,18,85,7,187,125,2208,32,910,104,1162,2,2818,101,2146,562,9,127,10120
AUG02,2,14,9,1,0,4,0,1531,54,699,143,635,504,103,401,151,56,95,384,28,2,71,283,2586,5011,2882,2825,57,544,1585,129,3710,1479,9860,651,1197,3576,4436,2643,97,521,709,0,1316,588,91,154,326,17,23420,3013,16,1433,134,115,1315,149,5,5,9,115,5,0,7,3,178,1,509,231,410,21,84,11,179,115,2332,36,966,130,1200,7,3093,112,2355,613,13,123,10046
SEP02,4,19,12,0,2,5,0,1500,61,673,119,647,608,109,499,128,60,68,357,14,4,59,280,2616,5213,2900,2839,61,644,1669,125,3678,1330,9104,679,1228,3086,4111,2014,46,222,739,0,1007,443,94,99,237,13,21907,3116,11,1422,200,126,1357,98,0,1,20,60,15,0,1,1,131,1,580,196,537,16,113,6,193,209,2344,28,997,115,1204,6,2926,121,2185,611,9,133,10068
OCT02,5,22,14,0,2,6,0,1573,73,725,133,642,997,107,890,149,79,70,409,30,11,67,301,3155,5695,3336,3287,49,676,1683,112,3754,1416,9831,674,1197,3455,4505,3132,30,290,1715,0,1097,475,81,113,278,3,24415,3129,7,1477,174,110,1361,179,1,0,8,168,0,0,1,1,149,0,625,212,488,20,100,9,189,170,2263,37,959,80,1187,0,3063,143,2293,617,10,99,10207
NOV02,6,13,10,0,1,2,0,1785,85,837,148,715,438,105,333,167,72,95,464,29,5,92,338,2873,5388,3069,3001,68,632,1687,114,3724,1445,9760,717,1191,3203,4649,2165,19,263,552,0,1331,676,83,139,438,16,23272,3153,1,1497,170,135,1350,108,12,9,23,56,1,0,4,3,206,1,602,226,428,20,90,16,162,140,2707,34,1158,109,1406,3,3224,135,2381,699,9,107,10765
DEC02,10,12,9,0,3,0,0,1885,85,911,151,738,412,104,308,180,67,113,438,23,6,86,323,2937,5331,3182,3108,74,607,1542,106,3783,1481,9242,616,1224,2952,4450,1316,27,208,383,0,698,522,68,133,310,11,21781,3035,9,1396,179,115,1336,103,2,2,16,70,2,0,8,3,181,0,705,238,388,18,88,16,146,120,2642,60,1121,118,1343,5,3567,141,2613,805,8,120,10984
JAN03,4,11,6,0,1,4,0,1739,83,854,143,659,395,93,302,183,76,107,402,27,3,79,293,2734,5722,3324,3247,77,607,1791,138,3922,1451,9549,701,1159,3041,4648,2400,84,317,674,0,1325,520,105,140,265,10,23702,2956,12,1317,172,140,1315,108,5,1,11,81,0,0,9,1,165,1,685,235,465,18,109,10,169,159,2560,83,1096,120,1261,2,3551,135,2555,851,10,132,10860
FEB03,5,14,8,0,0,6,0,1613,64,754,125,670,348,77,271,168,73,95,421,30,5,71,315,2569,5278,3001,2945,56,588,1689,115,3443,1275,9661,614,1219,2968,4860,2739,40,295,676,0,1728,516,97,129,285,5,23027,2767,18,1221,180,102,1246,57,5,2,6,41,2,0,1,0,156,1,666,249,399,28,86,19,153,113,2284,49,952,116,1167,5,2689,130,1837,711,11,94,9367
MAR03,5,18,13,1,0,4,0,1694,89,781,135,689,347,75,272,193,89,104,411,34,3,93,281,2668,5766,3321,3254,67,617,1828,128,4119,1446,9880,691,1270,3152,4767,2580,60,193,660,0,1667,562,82,138,336,6,24481,2869,10,1331,177,115,1236,58,15,4,18,18,2,0,0,1,212,0,677,318,453,26,96,21,173,137,2545,46,1028,152,1319,2,3204,137,2375,687,5,137,10475
APR03,10,16,10,0,1,5,0,1448,66,680,124,578,343,72,271,186,79,107,367,30,7,56,274,2370,5393,3090,3047,43,608,1695,123,3388,1286,9494,708,1262,2996,4528,3873,76,356,642,0,2799,473,82,95,283,13,24030,2920,4,1344,190,100,1282,49,2,0,3,41,1,0,1,1,216,0,830,263,395,8,79,14,157,137,2330,46,1022,141,1121,4,2935,145,2130,652,8,118,10060
MAY03,3,13,5,1,0,7,0,1449,55,635,142,617,715,134,581,159,77,82,319,27,4,48,240,2658,5714,3239,3201,37,659,1816,112,3516,1250,9909,688,1327,3239,4655,2383,94,290,1029,0,970,561,83,122,351,5,23445,3410,15,1524,179,167,1525,66,0,0,7,54,1,0,4,0,176,2,663,314,429,13,98,8,170,140,2469,35,1046,138,1250,1,3139,121,2309,703,6,112,10781
JUN03,4,12,7,0,1,4,0,1385,70,663,99,553,443,100,343,195,100,95,324,27,2,55,240,2363,5380,2889,2846,41,613,1878,99,3705,1200,9468,625,1238,3096,4509,1725,72,201,424,0,1028,524,95,127,291,11,22101,3273,7,1446,148,304,1368,89,8,2,11,57,7,0,4,0,203,0,592,248,385,28,70,12,159,116,2054,26,867,128,1033,3,3166,129,2348,683,6,96,10109
JUL03,4,13,10,1,0,2,0,1548,61,638,142,707,515,84,431,166,71,95,418,49,9,62,298,2664,5027,2750,2706,44,569,1708,145,3577,1261,10172,654,1344,3420,4754,2465,52,261,677,0,1475,787,99,138,541,9,23434,3637,19,1705,132,160,1621,77,5,0,7,48,5,0,11,1,199,1,603,242,370,11,75,8,151,125,2136,22,917,126,1071,21,2744,119,2034,588,3,194,10224
AUG03,10,9,6,0,0,3,0,1564,72,706,132,654,698,111,587,194,95,99,403,35,4,50,314,2878,4799,2523,2477,45,637,1639,144,4193,1201,9497,587,1288,3119,4503,2298,28,176,414,0,1680,574,92,121,349,12,22706,3753,8,1680,196,233,1636,78,2,1,3,53,5,0,11,3,252,3,653,532,450,12,96,19,194,129,2543,42,1093,131,1277,0,2983,133,2216,630,4,137,11384
SEP03,8,15,11,0,0,4,0,1512,65,710,108,629,540,125,415,120,49,71,423,27,4,80,312,2618,4519,2431,2384,47,517,1571,103,3673,1074,8455,567,1074,2721,4093,2234,32,143,427,0,1632,629,87,188,345,9,20687,3454,12,1572,175,107,1588,64,0,2,5,53,1,0,3,0,231,1,759,252,362,12,63,16,181,90,2360,45,963,137,1215,4,2972,143,2185,637,7,94,10553
OCT03,4,11,9,0,0,2,0,1674,80,784,120,690,418,103,315,149,73,76,446,27,3,64,352,2702,4889,2690,2637,53,610,1589,119,4057,1110,9001,644,1197,2867,4293,1831,33,182,439,0,1177,726,105,254,360,7,21733,6116,16,1720,1288,1358,1734,100,0,0,12,84,0,0,3,1,288,0,782,482,409,11,73,13,212,100,2660,41,1178,143,1298,9,3046,136,2258,645,7,237,14129
NOV03,4,17,13,0,0,4,0,1761,78,814,153,716,525,98,427,168,83,85,449,31,7,63,348,2924,4929,2823,2764,59,577,1529,123,3566,1143,8930,651,1437,2632,4210,1782,25,182,289,0,1286,590,111,151,311,17,21063,3336,8,1504,169,152,1503,58,0,0,3,47,3,0,4,1,351,1,759,244,426,17,80,17,198,114,2901,52,1191,103,1555,25,3295,135,2434,719,7,106,11502
DEC03,2,23,12,0,0,11,0,1665,67,767,141,690,386,99,287,172,82,90,498,24,11,63,400,2746,5086,2918,2868,50,606,1562,125,3832,1236,8903,659,1226,2672,4346,1676,151,242,394,0,889,585,97,122,363,3,21443,3401,19,1500,174,217,1491,53,0,1,0,50,2,0,0,0,375,1,893,261,418,14,96,19,181,108,2916,45,1248,146,1477,14,3353,127,2534,687,5,122,11807
JAN04,6,8,6,0,2,0,0,1582,80,711,130,661,542,143,399,187,85,102,473,31,3,53,386,2798,5532,3273,3230,43,623,1636,149,3901,1314,9227,612,1153,2873,4589,2818,67,243,951,0,1557,581,112,134,330,5,23522,3101,7,1370,169,101,1454,132,3,1,9,115,0,0,4,0,285,0,864,313,403,15,85,18,200,85,2834,48,1182,179,1425,20,3376,114,2504,755,3,120,11448
FEB04,6,9,9,0,0,0,0,1686,81,784,120,701,521,100,421,177,91,86,572,30,2,62,478,2971,5090,3121,3063,58,561,1408,119,3456,1246,8529,592,1077,2715,4145,4314,69,195,774,0,3276,614,128,135,344,7,23368,3225,15,1431,180,120,1479,90,0,0,6,81,1,0,1,1,299,0,737,257,402,18,91,13,174,106,2635,48,1112,187,1288,20,3089,130,2338,616,5,113,10867
MAR04,0,12,7,0,1,4,0,1720,59,795,118,748,576,134,442,181,76,105,630,28,5,61,536,3119,5535,3189,3131,58,596,1750,115,3586,1344,9555,630,1285,3011,4629,4207,49,234,517,0,3407,672,136,144,382,10,25014,3668,39,1619,159,165,1686,62,0,1,5,49,0,0,1,6,299,0,780,281,407,17,113,10,187,80,2637,54,1063,199,1321,5,2961,137,2119,699,6,137,11237
APR04,8,15,8,1,0,6,0,1404,67,621,123,593,575,151,424,153,67,86,587,42,5,75,465,2742,5041,2879,2833,46,544,1618,114,3613,1093,8233,606,1071,2693,3863,2028,97,233,438,0,1260,511,95,101,309,6,20633,3585,10,1477,146,356,1596,105,0,0,3,97,1,0,1,3,259,1,673,233,325,14,76,11,161,63,2539,46,1039,211,1243,23,3285,118,2398,767,2,106,11134
MAY04,6,18,12,2,1,3,0,1429,72,614,122,621,463,85,378,166,67,99,547,31,12,78,426,2629,5072,2944,2897,46,567,1561,123,3645,1103,8493,561,1223,2786,3923,1963,34,234,377,0,1318,558,104,157,289,8,20957,3423,8,1629,136,99,1551,90,3,0,3,78,3,0,1,2,230,0,762,280,328,6,60,8,178,76,2622,53,1090,180,1299,21,3025,139,2167,716,3,135,10916
JUN04,2,16,11,1,0,4,0,1305,67,587,102,549,359,90,269,122,53,69,570,31,3,74,462,2374,4405,2421,2370,51,502,1482,118,3220,1038,8087,537,1152,2571,3827,2300,29,148,943,0,1180,508,85,136,278,9,19676,3726,13,1707,129,130,1747,57,2,0,8,44,1,0,0,2,254,4,630,194,324,19,80,11,153,61,2271,25,1016,145,1085,29,3018,108,2185,717,8,98,10605
JUL04,3,13,5,0,3,5,0,1441,66,632,144,599,413,89,324,175,86,89,484,39,3,69,373,2529,4432,2509,2462,47,576,1347,178,3555,1097,8466,545,1213,2806,3902,1992,59,161,375,0,1397,488,78,116,285,9,20208,3923,7,1792,143,100,1881,30,0,0,1,27,2,0,0,0,278,3,680,209,375,10,73,9,203,80,2587,44,1080,181,1282,15,3300,124,2376,791,9,128,11528
AUG04,7,8,5,0,1,2,0,1577,73,689,148,667,463,107,356,121,56,65,439,29,4,81,325,2615,4249,2297,2267,30,543,1409,136,3590,1075,8412,505,1106,2793,4008,2446,57,154,373,0,1862,507,67,138,293,9,20415,3932,19,1701,148,340,1724,76,1,0,3,64,3,0,0,5,286,1,737,193,310,8,63,8,165,66,2653,33,1067,162,1391,22,3296,123,2314,852,7,112,11618
SEP04,2,11,4,0,1,6,0,1377,50,648,106,573,434,128,306,138,69,69,457,21,3,76,357,2419,4166,2280,2242,38,475,1411,115,3529,1099,7755,514,1042,2572,3627,3100,140,126,670,0,2164,469,101,76,283,9,20233,3772,9,1746,148,188,1681,73,0,1,5,61,0,0,6,0,303,0,814,226,351,18,71,11,169,82,2569,45,1072,208,1244,15,3043,140,2099,801,3,253,11419
OCT04,8,15,9,0,3,3,0,1721,73,788,153,707,500,115,385,141,51,90,496,33,5,72,386,2881,4325,2451,2400,51,479,1395,98,3473,1150,7903,573,1104,2482,3744,1577,41,111,359,0,1066,458,84,109,260,5,18984,3661,15,1679,148,151,1668,68,0,1,11,49,3,0,0,4,307,0,874,246,349,9,67,14,178,81,3033,62,1268,184,1519,31,3586,153,2520,909,4,123,12278
NOV04,6,14,7,0,2,5,0,1734,80,807,161,686,405,102,303,139,69,70,490,35,4,73,378,2788,4306,2473,2429,44,414,1419,110,3788,1194,8447,616,1433,2562,3836,1931,73,219,284,0,1355,500,101,110,286,3,20276,4276,17,1860,175,401,1823,29,0,0,8,20,0,0,0,1,320,1,807,233,320,7,70,9,174,60,2954,76,1175,154,1549,39,3360,145,2308,900,7,101,12440
DEC04,2,17,12,0,0,5,0,1752,82,773,169,728,444,112,332,179,83,96,425,30,9,53,333,2819,4410,2418,2345,73,519,1473,117,3561,1197,7682,551,1175,2527,3429,1394,31,250,270,0,843,590,86,116,382,6,18951,3561,16,1584,151,176,1634,6,0,0,1,1,1,0,2,1,389,1,846,213,330,19,68,18,162,63,3028,65,1237,149,1577,19,3863,157,2714,989,3,119,12375
JAN05,4,15,10,0,0,5,0,1701,67,780,163,691,394,111,283,177,78,99,415,25,7,54,329,2706,5032,2618,2563,55,644,1770,95,3993,1109,8045,609,1048,2557,3831,2261,200,153,308,0,1600,551,110,131,302,8,21086,3496,16,1564,155,189,1572,17,0,0,6,6,1,0,3,1,259,1,821,255,355,9,77,7,195,67,3081,44,1267,148,1622,30,4171,132,2973,1060,6,152,12638
FEB05,5,7,6,0,0,1,0,1660,74,802,140,644,461,118,343,146,68,78,456,26,0,77,353,2735,4371,2237,2192,45,527,1607,90,3217,1054,7557,586,1077,2272,3622,2366,34,211,401,0,1720,542,96,133,304,9,19197,3685,17,1610,181,148,1729,19,0,0,2,12,1,0,1,3,286,5,825,261,328,21,61,11,163,72,2572,49,1097,148,1278,23,3494,138,2427,920,9,458,11956
MAR05,3,10,9,0,0,1,0,1648,79,751,149,669,493,109,384,148,60,88,450,29,4,55,362,2752,4614,2445,2409,36,513,1656,131,3697,1095,7845,568,1090,2314,3873,2560,47,205,288,0,2020,528,97,122,298,11,20470,3528,19,1527,173,209,1600,7,0,0,3,2,0,0,2,0,378,3,802,259,370,14,87,11,171,87,2886,61,1204,154,1467,36,3574,137,2382,1054,1,152,11995
APR05,6,20,16,0,1,3,0,1479,62,617,136,664,494,110,384,173,76,97,388,21,5,72,290,2560,4433,2510,2470,39,467,1456,132,3406,1115,7808,556,1235,2417,3600,1935,230,155,363,1,1186,483,89,92,297,5,19312,3610,6,1694,116,157,1637,65,0,0,7,54,1,0,3,0,373,0,720,258,313,6,65,15,165,62,2649,48,1148,132,1321,35,3877,120,2762,989,6,126,12026
MAY05,6,7,5,0,0,2,0,1452,62,646,132,612,491,137,354,153,63,90,459,28,5,62,364,2568,4291,2333,2288,45,439,1519,141,4156,1137,7701,477,1070,2537,3617,3122,81,160,405,0,2476,517,109,130,267,11,21065,3950,16,1828,145,180,1781,8,0,0,3,3,0,0,2,0,275,4,724,319,328,17,70,15,174,52,2354,63,956,143,1192,22,3161,103,2126,927,5,145,11290
JUN05,1,8,7,0,0,1,0,1478,77,625,126,650,407,104,303,128,62,66,364,28,1,33,302,2386,4220,2279,2236,43,489,1452,134,3561,1047,7606,512,1095,2604,3395,1304,57,119,177,0,951,446,91,137,208,10,18318,3551,11,1625,97,141,1677,82,0,1,21,57,3,0,0,0,288,1,625,244,297,11,70,10,153,53,2315,50,1063,130,1072,28,3868,121,2630,1111,6,126,11425
JUL05,3,9,3,0,3,3,0,1559,70,708,126,655,546,98,448,144,73,71,438,27,15,45,351,2699,3932,2177,2116,61,449,1306,118,3745,1169,8624,509,1119,3601,3395,1909,80,135,237,0,1457,466,90,95,269,12,19963,3811,29,1743,106,159,1774,14,1,2,6,1,0,0,2,2,345,1,763,250,349,12,58,5,210,64,2529,50,1087,101,1291,55,3277,132,2193,946,6,177,11571
AUG05,3,13,5,0,0,8,0,1469,61,674,89,645,484,113,371,144,63,81,380,22,3,67,288,2493,3710,2020,1973,47,487,1203,111,3651,961,8080,550,1192,2819,3519,2377,475,121,188,0,1593,485,76,99,298,12,19375,4751,39,1979,206,256,2271,92,1,0,5,81,3,0,1,1,333,3,714,275,326,13,45,15,180,73,2448,55,1080,128,1185,56,3585,122,2339,1118,6,241,12824
SEP05,4,7,2,0,1,4,0,1512,72,682,117,641,410,82,328,151,86,65,337,23,3,49,262,2421,3782,2102,2060,42,450,1230,149,3730,1006,7705,558,1036,2616,3495,2579,315,99,292,0,1873,425,70,72,271,12,19376,4258,13,1737,151,586,1771,40,0,0,31,0,5,0,4,0,328,0,698,283,344,16,54,12,182,80,2742,62,1216,130,1334,102,3620,143,2383,1089,5,119,12534
OCT05,1,9,5,0,0,4,0,1679,89,759,140,691,824,128,696,183,79,104,386,23,6,71,286,3082,3985,2232,2180,52,500,1253,127,4045,1015,7740,566,1198,2282,3694,2288,118,138,348,0,1684,528,86,98,335,9,19728,3879,13,1840,126,155,1745,15,1,0,9,3,0,0,0,2,406,0,1016,365,345,14,67,17,186,61,2994,82,1304,117,1491,115,3828,150,2552,1120,6,189,13152
NOV05,5,16,9,0,0,7,0,1769,71,785,156,757,589,131,458,183,70,113,408,34,6,70,298,2970,4087,2263,2214,48,502,1322,120,4244,1016,7667,596,1094,2274,3703,1616,159,101,389,0,967,460,91,89,268,12,19210,4087,10,1988,130,173,1786,71,0,4,29,33,4,0,1,0,405,15,755,337,410,27,90,9,202,82,3298,66,1279,116,1837,48,3641,161,2347,1129,4,174,13241
DEC05,6,8,5,0,0,3,0,1780,92,773,142,773,506,184,322,173,66,107,435,22,4,61,348,2908,4261,2520,2469,51,508,1233,121,3964,963,7507,605,1273,2165,3464,1714,246,85,217,0,1166,495,94,128,265,8,19025,4569,27,1697,120,1019,1706,95,0,1,4,90,0,0,0,0,499,10,888,312,306,7,53,11,167,68,3632,115,1452,132,1933,48,4199,172,2875,1145,7,247,14805
JAN06,6,12,7,0,1,4,0,1725,80,737,207,701,512,107,405,152,82,70,391,21,6,43,321,2798,4642,2589,2524,65,617,1436,112,3923,1004,7965,634,1105,2503,3723,1684,82,415,302,0,885,533,147,106,277,3,19863,4039,25,1719,138,264,1893,71,1,0,49,12,0,0,8,1,419,0,899,364,369,12,58,13,199,87,3418,94,1457,143,1724,55,3730,129,2587,1009,5,154,13518
FEB06,5,10,5,2,2,1,0,1683,69,809,180,625,509,116,393,136,59,77,419,20,9,54,336,2762,4169,2509,2455,54,451,1209,109,3617,954,7621,500,1185,2326,3610,2493,29,132,329,0,2003,436,74,91,266,5,19399,4342,24,1802,152,311,2053,59,0,0,48,8,2,0,1,0,378,1,828,259,416,13,78,9,193,123,2913,71,1231,134,1477,142,3408,128,2367,910,3,270,13016
MAR06,5,10,8,2,0,0,0,1783,84,788,188,723,620,121,499,205,98,107,487,17,6,76,388,3110,4736,2764,2696,68,500,1472,137,3752,942,8094,566,1240,2448,3840,3258,58,225,296,0,2679,509,87,145,268,9,21428,3703,24,1606,113,239,1721,66,9,8,12,28,3,0,5,1,440,1,777,370,357,21,54,8,194,80,3244,83,1388,104,1669,86,3535,163,2449,919,4,175,12754
APR06,2,9,5,0,0,4,0,1674,95,737,160,682,569,133,436,168,90,78,353,29,6,38,280,2775,4421,2525,2464,61,490,1406,154,3635,863,6750,511,903,2134,3202,2058,149,88,325,0,1496,423,85,103,220,15,18304,3401,27,1525,90,236,1523,17,0,0,7,2,3,0,5,0,459,2,701,255,279,7,48,8,156,60,3124,91,1297,94,1642,58,4230,135,3040,1047,8,203,12729
MAY06,5,14,10,0,1,3,0,1498,63,701,118,616,656,199,457,191,98,93,382,35,2,47,298,2746,4265,2309,2264,45,504,1452,120,3565,979,7762,559,1145,2459,3599,2323,91,183,401,0,1648,478,86,156,227,9,19492,3836,14,1640,126,363,1693,20,0,2,5,6,0,0,7,0,454,1,710,288,325,7,70,9,172,67,2948,82,1205,111,1550,24,3385,145,2357,879,4,171,12162
JUN06,8,14,4,0,2,8,0,1425,57,633,129,606,647,148,499,138,76,62,401,13,8,57,323,2633,3916,2093,2052,41,455,1368,116,3680,982,7271,535,1110,2378,3248,1812,43,70,314,1,1384,440,74,138,225,3,18217,3664,39,1657,78,207,1683,38,0,0,1,29,3,0,4,1,436,2,700,279,342,11,79,5,158,89,2955,91,1239,86,1539,22,4369,134,3203,1029,3,114,12921
JUL06,7,4,2,0,0,2,0,1474,65,638,106,665,429,98,331,181,84,97,363,22,3,42,296,2458,3906,2119,2082,37,440,1347,111,3820,987,7154,513,1040,2230,3371,2694,75,95,428,0,2096,448,99,103,235,11,19120,3848,12,1767,115,175,1779,90,0,0,39,42,4,0,3,2,554,0,718,292,351,6,59,12,207,67,3281,114,1333,102,1732,15,3435,134,2361,936,4,175,12759
AUG06,9,12,5,0,1,6,0,1541,61,708,136,636,556,136,420,143,68,75,409,22,4,69,314,2670,3828,2175,2131,44,390,1263,127,3691,938,7501,544,1069,2184,3704,2315,385,112,451,0,1367,442,92,117,218,15,18842,4328,12,2007,136,198,1975,23,5,1,14,2,0,0,1,0,533,1,695,229,380,14,61,17,177,111,3324,111,1388,109,1716,67,3444,149,2357,934,4,332,13356
SEP06,2,9,3,0,2,4,0,1574,71,754,128,621,596,93,503,136,60,76,380,19,11,51,299,2697,4096,2270,2218,52,426,1400,128,3829,976,7371,524,1069,2339,3439,1627,82,123,568,0,854,408,77,96,226,9,18435,4066,18,1845,160,190,1853,65,0,0,7,53,2,0,2,1,486,1,685,351,358,10,49,6,230,63,3360,116,1368,114,1762,74,3603,148,2500,951,4,179,13228
OCT06,3,12,9,1,0,2,0,1544,71,736,121,616,489,145,344,154,78,76,433,26,7,70,330,2635,4161,2270,2225,45,434,1457,118,4390,947,7793,592,1092,2410,3699,1530,194,97,331,0,908,504,129,96,269,10,19443,4035,12,1757,114,247,1905,4,0,2,1,1,0,0,0,0,502,0,675,334,321,9,51,7,190,64,3375,119,1394,126,1736,77,3566,147,2475,940,4,168,13057
NOV06,3,9,5,0,1,3,0,1866,77,894,160,735,643,148,495,156,66,90,384,22,4,59,299,3061,4132,2300,2238,62,438,1394,119,3964,860,7569,542,1175,2265,3587,1659,85,84,292,0,1198,425,83,121,213,8,18728,5067,27,1914,127,754,2245,16,0,0,13,3,0,0,0,0,611,0,839,324,380,13,68,17,198,84,3893,161,1500,93,2139,38,3468,142,2404,918,4,179,14815
DEC06,2,10,5,1,0,4,0,1690,87,815,160,628,812,125,687,129,53,76,368,34,5,46,283,3011,4341,2470,2390,80,468,1403,103,4672,941,7181,517,1172,2228,3264,2392,47,66,258,0,2021,508,112,104,286,6,20138,3768,23,1676,119,181,1769,40,0,1,3,34,0,0,0,2,569,2,825,371,357,11,60,16,204,66,4177,149,1620,110,2298,23,4533,155,3329,1042,7,201,14866
JAN07,7,13,7,0,1,5,0,1728,98,845,153,632,488,142,346,191,74,117,355,21,4,57,273,2782,4420,2339,2271,68,514,1567,146,5019,1064,7491,618,1045,2326,3502,1713,86,93,225,1,1308,527,86,148,284,9,20380,3746,12,1655,145,180,1754,33,0,0,6,27,0,0,0,0,470,0,878,344,311,9,57,6,171,68,3715,143,1451,126,1995,55,3545,149,2417,976,3,195,13292
FEB07,5,11,3,1,0,7,0,1696,72,825,149,650,503,105,398,161,71,90,341,24,2,53,262,2717,3632,1916,1870,46,429,1287,92,3396,828,6904,529,1088,2075,3212,1951,57,85,524,0,1285,480,84,106,285,5,17283,3769,42,1608,143,169,1807,18,1,0,3,8,0,0,6,0,439,0,781,338,331,14,59,11,177,70,3187,122,1264,96,1705,75,3182,149,2223,806,4,153,12273
MAR07,3,10,5,1,1,3,0,1873,91,915,156,711,661,121,540,167,77,90,444,48,7,63,326,3158,4061,2326,2274,51,386,1349,113,3651,907,7526,583,1153,2160,3630,2108,81,155,337,1,1534,481,116,90,273,2,18847,4083,21,1686,152,243,1981,166,4,0,60,95,4,0,3,0,692,2,802,365,353,9,52,8,211,73,3805,148,1529,119,2009,63,3606,135,2558,910,3,181,14118
APR07,4,10,9,0,1,0,0,1580,79,708,111,682,415,117,298,183,78,105,333,24,5,51,253,2525,3682,1992,1960,32,447,1243,113,3533,917,6815,560,990,2021,3244,1381,211,98,242,0,830,411,109,83,209,10,16852,3505,15,1507,99,313,1571,20,0,0,4,12,0,0,2,2,560,0,661,284,299,19,51,12,160,57,3490,162,1337,126,1865,62,3774,142,2724,902,6,156,12811
MAY07,3,13,9,1,0,3,0,1534,75,734,110,615,461,146,315,112,38,74,405,45,6,76,278,2528,4068,2321,2286,35,361,1386,109,3361,929,7215,501,1267,2180,3267,1716,59,107,444,4,1102,494,122,111,248,13,17892,4139,22,1873,127,235,1882,95,0,0,3,88,0,0,3,1,531,0,675,301,357,16,64,13,196,68,3417,129,1436,118,1734,11,3276,129,2299,845,3,202,13004
JUN07,2,12,6,1,0,5,0,1373,76,643,101,553,612,144,468,123,41,82,316,31,3,59,223,2438,3737,2146,2112,34,411,1180,104,3313,894,6621,475,1145,2048,2953,1879,148,154,202,16,1359,417,112,103,192,10,16965,3479,12,1688,87,142,1550,30,0,0,16,9,0,0,2,3,455,0,614,268,284,9,58,6,172,39,3356,116,1338,96,1806,82,3702,143,2714,841,4,155,12425
JUL07,9,8,5,0,0,3,0,1334,74,570,94,596,419,102,317,128,48,80,251,12,3,42,194,2149,3399,1979,1959,20,383,1037,118,3230,897,6528,474,1111,2030,2913,1177,67,108,183,31,788,402,117,93,190,2,15751,4042,19,1803,113,240,1867,45,0,0,3,39,0,0,3,0,462,0,635,248,314,14,48,4,197,51,3348,122,1453,94,1679,32,3104,175,2271,654,4,190,12420
AUG07,4,4,2,0,0,2,0,1484,82,592,130,680,664,191,473,105,39,66,293,24,4,48,217,2554,3201,1870,1842,28,340,991,90,3375,806,6457,477,1105,1987,2888,2930,75,108,389,42,2316,978,152,109,705,12,17837,4605,30,2090,112,232,2141,21,2,3,9,5,0,0,0,2,598,0,653,352,369,12,62,15,207,73,3393,116,1465,77,1735,63,3237,139,2476,615,7,249,13540
SEP07,6,9,5,0,1,3,0,1580,92,712,115,661,607,189,418,127,76,51,295,19,4,53,219,2624,3319,1849,1797,52,379,1091,97,3456,835,6096,439,1000,1798,2859,1471,91,59,267,33,1021,398,112,102,173,11,15672,4246,20,1920,142,220,1944,34,11,5,15,0,2,0,1,0,538,0,623,391,304,13,45,2,195,49,3669,123,1456,81,2009,77,3689,140,2939,605,5,182,13753
OCT07,5,8,6,0,0,2,0,1712,80,803,135,694,763,184,579,149,54,95,311,31,3,51,226,2948,3985,2258,2218,40,449,1278,109,3743,848,6811,504,1139,2088,3080,1682,105,75,311,48,1143,404,103,95,198,8,17582,3896,15,1799,117,175,1790,31,0,2,16,8,0,0,0,5,542,0,781,396,302,10,53,3,178,58,4079,123,1782,92,2082,28,3335,137,2578,615,5,238,13628
NOV07,3,9,6,0,1,2,0,1570,93,732,124,621,623,124,499,156,75,81,321,33,7,63,218,2682,3967,2400,2356,44,361,1206,106,3570,843,6830,527,1220,2034,3049,1493,61,57,484,15,876,560,138,99,310,13,17369,3802,26,1766,106,205,1699,18,0,0,6,7,0,0,3,2,678,0,696,366,345,11,52,5,238,39,4849,147,1802,97,2803,73,3384,161,2603,617,3,244,14455
DEC07,1,11,7,0,2,2,0,1741,116,782,132,711,455,134,321,134,59,75,311,27,10,57,217,2653,3797,2227,2169,58,412,1158,104,3509,846,6517,483,1283,1960,2791,1508,159,60,248,21,1020,460,108,109,226,17,16741,3891,37,1797,137,153,1767,21,0,0,9,5,1,0,3,3,819,0,778,315,310,9,48,7,196,50,5173,156,2063,124,2830,35,4049,167,3361,518,3,289,15680
JAN08,3,6,6,0,0,0,0,1602,83,720,119,680,443,119,324,175,80,95,284,22,7,58,197,2513,4499,2571,2531,40,469,1459,95,4479,850,6777,565,1060,2105,3047,1531,207,114,215,17,978,456,99,107,238,12,18687,3860,29,1754,108,288,1681,16,0,0,7,6,0,0,0,3,552,3,757,386,340,14,55,2,221,48,4479,178,1930,108,2263,83,3393,143,2735,512,3,212,14081
FEB08,4,12,10,0,0,2,0,1614,85,752,132,645,780,194,586,142,65,77,292,33,4,52,203,2844,3801,2226,2185,41,344,1231,104,3373,819,6388,507,1025,1848,3008,1242,77,141,279,28,717,415,88,97,227,3,16142,4633,31,1603,176,1129,1694,121,0,0,9,111,0,0,0,1,563,0,701,386,317,16,50,3,197,51,3863,138,1575,100,2050,165,3186,122,2641,419,4,208,14143
MAR08,4,7,6,0,0,1,0,1697,90,792,137,678,497,129,368,171,82,89,292,29,5,46,212,2668,3985,2321,2286,35,323,1341,118,3561,826,6589,530,1118,2017,2924,1531,138,111,163,34,1085,400,106,70,215,9,17010,4257,21,1734,156,610,1736,9,0,0,4,5,0,0,0,0,634,0,714,369,349,13,49,6,221,60,4415,174,1798,102,2341,322,3406,140,2807,453,6,299,14774
APR08,2,9,5,0,0,4,0,1492,78,652,117,645,588,160,428,149,70,79,262,15,1,55,191,2502,3784,2184,2149,35,331,1269,81,3305,826,6593,478,1138,1896,3081,1710,73,111,278,22,1226,402,111,88,197,6,16701,3791,16,1759,118,220,1678,10,0,1,4,3,0,0,1,1,591,0,571,355,296,2,36,8,184,66,3708,115,1557,117,1919,418,3231,117,2640,472,2,273,13244
MAY08,2,7,2,0,1,4,0,1605,85,713,135,672,523,156,367,155,72,83,312,27,5,58,222,2604,3662,2118,2074,44,342,1202,98,3564,759,6743,476,1209,2071,2987,1463,104,86,241,87,945,535,111,130,287,7,16824,4425,16,2065,143,137,2064,28,0,2,8,12,2,0,4,0,589,1,623,319,335,15,70,4,180,66,4261,158,1769,117,2217,143,3429,138,2783,507,1,435,14588
JUN08,8,7,1,0,1,5,0,1539,65,718,108,648,450,132,318,143,80,63,253,25,6,35,187,2400,3722,2171,2132,39,364,1187,130,3548,775,6550,486,1098,2176,2790,1488,159,71,278,26,954,407,97,103,198,9,16620,3888,12,1822,120,167,1767,21,0,0,3,15,2,0,1,0,581,0,606,377,326,14,55,16,190,51,4159,161,1713,111,2174,87,3796,145,2985,663,3,277,14118
JUL08,4,8,3,0,0,5,0,1409,86,622,106,595,395,102,293,127,62,65,243,15,10,52,166,2186,3607,2102,2058,44,350,1155,91,3390,756,6824,496,1085,2136,3107,1855,97,85,211,43,1419,400,113,85,189,13,16923,4078,18,1863,103,308,1786,60,1,0,1,57,0,0,0,1,675,0,578,353,242,9,43,8,141,41,4036,145,1711,117,2063,379,3302,118,2451,730,3,197,13900
AUG08,6,10,6,0,0,4,0,1584,87,685,148,664,383,94,289,140,54,86,280,22,2,51,205,2403,3471,2024,1991,33,299,1148,109,3588,687,6646,486,1171,2018,2971,2184,806,53,367,29,929,370,84,71,204,11,17055,4109,19,1899,108,251,1832,19,3,2,3,6,0,0,4,1,780,0,655,330,261,3,34,6,174,44,4359,140,1706,119,2394,32,3817,132,2894,786,5,259,14621
SEP08,4,9,7,0,0,2,0,1457,59,656,121,621,508,137,371,146,72,74,279,13,5,51,210,2403,3792,2175,2126,49,408,1209,119,3872,742,6728,498,1139,2044,3047,1123,51,49,195,31,797,379,90,85,197,7,16755,3940,19,1735,94,299,1793,38,6,2,23,5,1,0,1,0,705,0,761,366,259,7,32,3,162,55,4025,116,1689,103,2117,72,3447,159,2550,737,1,245,13858
OCT08,3,14,10,0,0,4,0,1614,75,767,127,645,548,147,401,151,81,70,266,18,3,57,188,2596,3693,2152,2111,41,381,1160,122,3919,798,6803,518,1216,1981,3088,1321,59,82,246,35,899,465,92,183,187,3,17121,4021,20,1919,150,261,1671,59,0,0,42,3,12,0,1,1,664,0,713,342,330,12,47,0,194,77,4153,130,1731,152,2140,155,3596,156,2774,662,4,285,14318
NOV08,4,10,6,0,0,4,0,1726,83,784,131,728,582,140,442,143,52,91,288,13,3,47,225,2753,3607,2110,2065,45,347,1150,148,3523,881,6892,526,1275,2057,3034,1166,52,62,236,16,800,405,131,90,175,9,16622,3490,54,1652,125,135,1524,10,0,0,3,3,2,0,1,1,646,0,743,343,317,11,45,1,199,61,4613,136,1819,108,2550,90,3492,157,2691,632,12,287,14031
DEC08,6,14,10,1,1,2,0,1660,100,730,174,656,349,114,235,149,68,81,295,34,2,61,198,2473,3360,2020,1979,41,329,1011,131,3462,827,6909,555,1266,1870,3218,1154,74,45,157,53,825,403,98,77,221,7,16246,3357,23,1590,110,123,1511,13,0,3,6,2,1,0,1,0,924,0,799,355,313,10,52,1,189,61,4908,138,1964,133,2673,56,3929,172,3039,714,4,250,14904
JAN09,5,15,7,0,0,8,0,1608,79,746,153,630,447,127,320,163,79,84,320,24,7,49,240,2558,4177,2386,2340,46,473,1318,149,3610,887,6861,583,1010,2167,3101,1670,49,52,284,21,1264,393,109,80,197,7,17747,3430,11,1645,109,159,1506,20,6,2,4,4,4,0,0,0,816,0,775,361,253,7,34,6,168,38,4404,149,1723,129,2403,69,3752,154,2943,648,7,212,14092
FEB09,0,7,2,0,2,3,0,1647,92,717,154,684,470,124,346,153,75,78,382,23,6,73,280,2659,3938,2167,2109,58,469,1302,86,3407,756,6530,547,1147,1917,2919,1731,98,85,233,24,1291,413,114,56,241,2,16861,3552,17,1614,124,180,1617,2,0,0,1,1,0,0,0,0,627,0,659,323,263,8,44,3,168,40,3737,124,1456,129,2028,99,3135,111,2509,513,2,246,12643
MAR09,4,14,11,1,1,1,0,1842,98,846,149,749,553,160,393,167,96,71,395,20,5,81,289,2975,3832,2254,2203,51,365,1213,121,3651,809,6891,519,1274,1989,3109,1677,52,44,237,20,1324,391,91,89,204,7,17372,3543,13,1629,123,162,1616,25,3,3,5,12,1,0,0,1,999,0,729,315,321,17,48,1,184,71,4324,137,1615,140,2432,105,3441,136,2753,551,1,220,14022
APR09,0,12,7,0,1,4,0,1536,78,700,121,637,403,98,305,167,80,87,271,20,6,37,208,2389,3616,2083,2041,42,397,1136,114,3421,789,6710,516,1235,2154,2805,1359,38,68,300,17,936,374,105,65,197,7,16383,3517,22,1628,133,180,1554,24,1,1,14,5,3,0,0,0,772,0,677,277,316,10,47,7,186,66,3953,117,1549,131,2156,99,3505,121,2786,598,0,232,13372
MAY09,9,12,5,0,1,6,0,1687,86,736,120,745,446,114,332,189,106,83,273,16,7,49,201,2616,3530,1987,1947,40,359,1184,120,3213,771,6840,557,1419,2126,2738,1388,60,66,348,27,887,403,118,85,198,2,16265,4009,12,1810,114,289,1784,11,0,0,1,2,1,0,1,6,904,0,640,279,277,7,35,6,173,56,4464,125,1602,156,2581,84,3373,111,2677,581,4,224,14265
JUN09,1,6,5,0,1,0,0,1559,91,712,134,622,502,132,370,175,106,69,321,21,10,55,235,2564,3684,1991,1958,33,400,1293,126,3643,810,7168,563,1437,2249,2919,1345,32,30,287,27,969,361,107,52,193,9,17137,4051,18,1915,148,161,1809,21,0,0,11,1,9,0,0,0,725,0,683,338,308,3,48,3,191,63,3785,90,1512,177,2006,25,3473,121,2790,555,7,245,13654
JUL09,4,9,6,0,2,1,0,1434,73,658,108,595,317,77,240,139,70,69,295,29,1,37,228,2198,3201,1713,1681,32,393,1095,122,3292,685,7172,537,1607,2121,2907,1582,64,79,320,39,1080,454,140,79,224,11,16508,4433,18,2070,129,253,1963,14,2,0,4,1,5,0,0,2,878,0,757,288,289,14,50,5,170,50,3990,112,1563,153,2162,91,3639,121,2688,825,5,216,14595
AUG09,12,14,9,0,2,3,0,1742,71,815,153,703,446,104,342,161,63,98,316,19,4,46,247,2691,3205,1752,1715,37,318,1135,145,3214,762,7105,521,1304,2271,3009,2226,1034,55,361,36,740,380,109,69,197,5,17037,4046,8,1892,144,153,1849,27,0,2,6,14,0,0,0,5,893,0,791,426,300,4,38,1,199,58,4622,144,1637,200,2641,47,4166,141,2884,1131,10,262,15580
SEP09,5,12,7,0,0,5,0,1692,84,761,156,691,500,140,360,166,92,74,327,19,8,67,233,2702,3470,1959,1912,47,350,1161,103,3524,787,7257,575,1323,2186,3173,1715,51,65,239,42,1318,375,108,55,208,4,17231,3701,30,1771,139,154,1607,23,6,1,13,1,0,0,1,1,831,0,782,315,322,14,45,8,203,52,4163,97,1675,153,2238,32,3843,139,2614,1088,2,230,14242
OCT09,8,4,4,0,0,0,0,1893,93,882,202,716,481,107,374,150,72,78,276,16,3,51,206,2812,3510,2073,2023,50,323,1114,124,3325,712,7154,598,1401,2183,2972,1386,178,83,238,100,787,404,127,72,196,9,16615,3630,15,1681,159,138,1637,25,1,1,22,0,0,0,0,1,923,0,859,369,278,8,40,7,168,55,4680,125,1756,179,2620,50,3979,118,2782,1075,4,210,15003
NOV09,3,7,5,0,0,2,0,1852,79,886,195,692,525,133,392,137,53,84,302,26,4,54,218,2826,3767,2164,2119,45,327,1276,127,3473,752,7320,690,1280,2246,3104,1447,85,58,282,60,962,400,124,58,210,8,17286,3652,23,1542,140,437,1510,4,0,0,3,1,0,0,0,0,809,0,792,403,296,22,34,2,171,67,4763,109,1725,164,2765,70,4055,122,2736,1195,2,202,15046
DEC09,6,10,6,0,1,3,0,1777,95,819,187,676,406,122,284,167,72,95,302,15,2,58,227,2668,4000,2352,2298,54,405,1243,122,3383,830,7191,628,1389,2231,2943,1448,79,59,359,87,864,419,133,70,211,5,17393,3179,21,1541,155,70,1392,12,1,0,8,1,0,0,0,2,997,0,941,370,259,6,42,6,159,46,5177,152,1876,186,2963,33,4254,129,2992,1132,1,165,15387
JAN10,2,8,5,0,2,1,0,1860,102,862,177,719,483,142,341,144,46,98,361,30,4,75,252,2858,4187,2454,2409,45,433,1300,125,3720,847,7643,677,1358,2419,3189,1358,88,64,234,60,912,416,119,75,210,12,18296,3400,12,1634,139,156,1459,26,0,1,12,6,0,0,0,7,745,0,964,399,361,14,48,5,216,78,5387,181,1875,209,3122,55,4244,152,3077,1013,2,277,15858
FEB10,4,7,3,1,0,3,0,1694,81,809,140,664,580,178,402,133,58,75,360,22,1,52,285,2778,3622,2090,2046,44,345,1187,97,3345,753,6761,567,1285,2087,2822,1395,40,48,366,61,880,452,179,73,191,9,16425,3420,51,1576,159,186,1448,47,6,1,14,23,0,0,0,3,597,0,828,350,285,5,40,1,194,45,3845,101,1525,172,2047,63,3326,122,2418,780,6,232,12993
MAR10,5,6,4,0,0,2,0,1760,107,787,172,694,525,114,411,168,57,111,351,22,5,63,261,2815,4121,2286,2230,56,436,1399,107,3423,755,7384,640,1471,2226,3047,1494,42,70,237,35,1110,435,132,83,207,13,17719,3560,40,1602,179,139,1600,13,0,0,8,3,0,0,0,2,608,0,866,412,287,9,48,3,185,42,3984,87,1499,235,2163,57,3458,90,2506,854,8,263,13508
APR10,3,4,4,0,0,0,0,1541,72,689,134,646,488,154,334,140,68,72,281,25,3,42,211,2457,3476,2017,1977,40,312,1147,103,3186,631,6639,542,1445,1935,2717,1034,32,51,214,24,713,352,126,52,169,5,15421,3190,18,1441,127,150,1454,29,0,1,14,10,1,0,1,2,745,0,724,360,247,8,26,2,160,51,4116,129,1544,210,2233,41,3840,76,2773,986,5,201,13493
MAY10,5,9,3,1,2,3,0,1527,83,720,122,602,425,93,332,136,67,69,292,24,3,55,210,2394,3480,2090,2051,39,308,1082,108,3178,750,7095,583,1474,2126,2912,1789,156,88,467,27,1051,400,133,87,174,6,16800,3762,65,1715,135,224,1623,30,0,4,22,0,3,0,0,1,735,0,717,343,287,11,39,1,197,39,4229,111,1516,217,2385,28,3705,109,2690,903,3,255,14091
JUN10,1,9,4,0,1,4,0,1458,73,658,117,610,388,93,295,165,73,92,272,17,2,43,210,2293,3450,1992,1953,39,374,1084,85,3244,672,7156,581,1529,2189,2857,1381,74,57,225,26,999,348,115,52,175,6,16336,3341,15,1571,103,172,1480,38,12,1,23,0,0,0,0,2,542,0,680,326,246,10,20,4,165,47,3719,103,1406,187,2023,46,3363,105,2443,811,4,187,12488
JUL10,5,10,6,0,0,4,0,1420,79,669,106,566,555,146,409,158,73,85,292,30,7,64,191,2440,3225,1894,1841,53,317,1014,105,3731,692,7171,635,1314,2225,2997,2268,66,54,265,39,1844,432,142,54,227,9,17624,3652,21,1700,120,194,1617,20,5,0,13,2,0,0,0,0,674,0,722,328,303,12,49,4,191,47,4040,94,1533,190,2223,67,3530,130,2552,845,3,204,13540
AUG10,3,2,1,0,0,1,0,1575,59,690,147,679,526,117,409,141,70,71,353,26,5,57,265,2600,3401,1914,1886,28,378,1109,78,3315,701,7804,702,1400,2361,3341,2615,1424,58,262,40,831,496,102,181,202,11,18410,4141,19,1940,180,112,1890,16,2,0,9,3,1,0,0,1,564,0,786,370,293,14,39,8,176,56,4001,73,1535,204,2189,59,3375,135,2421,816,3,204,13809
SEP10,2,6,4,0,0,2,0,1485,72,694,136,583,423,100,323,138,61,77,302,28,5,67,202,2356,3304,1919,1890,29,290,1095,109,3661,729,7979,745,1387,2569,3278,1553,190,50,191,74,1048,352,106,43,195,8,17687,3840,36,1794,147,179,1684,27,2,0,14,5,0,0,1,5,525,0,837,322,281,15,41,2,166,57,3965,107,1536,200,2122,47,3120,104,2228,785,3,161,13125
OCT10,4,4,2,0,1,1,0,1699,70,742,180,707,478,127,351,145,61,84,314,31,4,47,232,2644,3660,2142,2094,48,392,1126,103,3675,854,8394,781,1415,2669,3529,1174,118,91,209,56,700,417,131,51,229,6,18277,3571,23,1652,138,176,1582,33,2,4,20,4,0,0,0,3,656,0,839,315,267,7,41,0,185,34,4022,91,1492,231,2208,54,3530,137,2533,859,1,200,13487
NOV10,5,5,4,0,0,1,0,1633,78,761,170,624,457,132,325,127,55,72,280,14,3,51,212,2507,3733,2147,2092,55,366,1220,109,3924,833,8387,802,1374,2421,3790,1252,84,87,219,40,822,388,151,70,151,16,18626,3610,44,1597,154,181,1634,20,2,2,11,1,0,0,0,4,520,0,803,345,281,5,46,6,167,57,4051,105,1449,196,2301,45,3312,120,2417,774,1,196,13183
DEC10,8,5,3,0,1,1,0,1614,78,712,160,664,338,116,222,131,59,72,283,21,4,42,216,2379,3639,2083,2037,46,450,1106,80,3470,742,7970,744,1414,2360,3452,1145,73,28,237,39,768,337,110,45,177,5,17383,3167,26,1449,137,118,1437,5,0,0,3,2,0,0,0,0,654,0,956,300,288,10,47,0,183,48,4333,113,1550,179,2491,16,3238,101,2402,733,2,188,13145
JAN11,3,10,8,0,1,1,0,1629,93,739,167,630,472,152,320,142,54,88,240,17,3,53,167,2496,3780,2199,2148,51,434,1147,88,3352,716,7604,747,1153,2389,3315,678,71,17,146,14,430,304,106,28,157,13,16522,3060,18,1475,97,124,1346,4,0,0,3,1,0,0,0,0,611,0,912,326,270,8,36,1,170,55,4116,98,1468,170,2380,16,3044,107,2329,605,3,176,12535
FEB11,3,1,1,0,0,0,0,1584,78,770,135,601,420,92,328,138,70,68,333,21,5,63,244,2479,3522,2020,1966,54,364,1138,88,2909,776,7291,641,1143,2166,3341,1063,66,43,255,18,681,367,129,42,183,13,16016,3435,26,1591,125,206,1487,9,2,0,2,3,0,0,1,1,504,0,826,340,258,12,38,1,167,40,3482,97,1254,179,1952,52,2805,78,2111,616,0,149,11860
MAR11,3,16,12,0,0,4,0,1861,78,816,191,776,436,116,320,147,74,73,361,23,3,57,278,2824,3797,2176,2109,66,350,1271,101,3477,976,9504,761,1373,3418,3952,1285,78,57,303,32,815,385,112,56,208,9,19525,3776,19,1724,180,150,1703,19,0,0,8,10,0,0,0,1,631,0,960,376,308,7,47,0,196,58,4095,103,1524,197,2271,50,2925,101,2219,599,6,192,13332
APR11,6,8,3,0,0,5,0,1556,78,705,145,628,416,107,309,185,110,75,290,17,2,44,227,2461,3644,2156,2112,44,340,1148,107,3885,922,8377,755,1270,2667,3685,1093,75,29,348,17,624,382,129,61,185,7,18410,3605,34,1633,98,358,1482,1,0,0,0,0,0,0,1,0,614,0,832,338,285,5,25,2,197,56,3891,109,1408,199,2175,50,3584,127,2892,564,1,149,13349
MAY11,6,1,0,0,0,1,0,1576,69,708,182,617,376,107,269,174,93,81,272,35,2,54,181,2405,3789,2177,2127,50,350,1262,127,3386,882,8960,693,1324,2749,4194,1206,63,51,312,36,744,350,127,42,168,13,18700,3496,18,1573,101,134,1670,20,0,0,13,0,0,1,1,5,589,0,863,297,289,14,29,3,198,45,4127,109,1526,212,2280,61,3093,97,2406,588,2,148,12983
JUN11,5,6,2,0,1,3,0,1517,80,681,172,584,374,125,249,149,78,71,261,19,3,34,205,2312,3515,2107,2064,43,341,1067,126,3409,878,8683,729,1447,2587,3920,1315,49,25,413,40,788,433,131,45,246,11,18359,3722,42,1704,127,148,1701,25,6,3,14,0,0,0,1,1,525,0,817,292,298,9,52,1,186,50,3856,108,1370,187,2191,77,2781,98,2111,571,1,173,12566
JUL11,5,5,2,0,1,2,0,1598,78,709,173,638,370,130,240,135,70,65,246,33,5,45,163,2359,3251,1986,1949,37,247,1018,123,3703,847,7917,677,1321,2551,3368,1079,49,60,261,30,679,389,161,51,171,6,17309,3816,13,1813,142,135,1713,3,0,0,3,0,0,0,0,0,561,0,826,286,279,13,27,7,193,39,4256,95,1520,218,2423,30,3097,135,2327,634,1,198,13352
AUG11,0,11,7,0,0,4,0,1652,70,746,190,646,446,113,333,128,63,65,321,28,3,55,235,2558,3372,2116,2080,36,277,979,130,3767,747,7787,701,1362,2397,3327,1478,82,28,474,39,855,422,138,66,214,4,17703,4314,22,1995,127,167,2003,15,2,0,5,3,1,0,1,3,603,0,829,393,362,7,44,0,244,67,4132,98,1528,167,2339,29,3150,126,2358,666,0,212,14039
SEP11,3,7,3,0,0,4,0,1632,76,724,200,632,391,98,293,159,79,80,310,22,4,44,240,2502,3565,2223,2180,43,278,1064,135,3438,877,8520,760,1311,2500,3949,1171,58,39,278,43,753,415,130,54,228,3,18121,3968,31,1810,131,205,1791,17,2,2,8,0,4,0,0,1,581,0,895,387,284,12,42,3,177,50,4139,85,1582,192,2280,73,3077,134,2296,641,6,172,13593
OCT11,4,7,2,1,1,3,0,1773,82,850,220,621,377,108,269,143,80,63,311,24,2,41,244,2615,3626,2230,2182,48,271,1125,119,3877,888,8915,741,1278,2712,4184,1213,63,39,337,66,708,710,138,37,527,8,19348,4428,41,1940,175,300,1972,23,3,0,17,1,0,0,1,1,555,0,969,410,309,12,45,2,198,52,4467,91,1721,220,2435,45,3332,140,2370,822,0,181,14719
NOV11,3,8,4,0,1,3,0,1855,67,874,234,680,494,124,370,106,39,67,349,26,3,39,281,2815,3708,2359,2305,54,303,1046,130,3517,925,8486,779,1292,2413,4002,1489,58,22,405,58,946,428,144,48,228,8,18683,3955,27,1767,155,134,1872,31,0,0,15,1,14,0,0,1,557,0,958,389,306,8,47,2,191,58,4696,102,1714,213,2667,74,3507,137,2449,916,5,198,14671
DEC11,3,5,2,0,1,2,0,1747,79,821,235,612,361,97,264,142,65,77,325,19,7,63,236,2583,3978,2343,2291,52,386,1249,145,3527,978,8738,798,1461,2644,3835,1087,73,22,243,39,710,442,145,50,235,12,18895,4231,40,1894,130,349,1818,8,0,0,3,4,1,0,0,0,774,0,1018,388,294,11,45,3,186,49,4883,123,1828,174,2758,44,3927,130,2560,1231,6,141,15708
JAN12,8,8,2,0,0,6,0,1743,99,759,194,691,411,134,277,164,87,77,325,21,4,44,256,2659,4253,2441,2378,63,499,1313,132,3690,1062,8533,866,1370,2828,3469,1111,48,37,357,42,627,430,128,43,247,12,19211,3460,13,1600,132,89,1626,12,0,0,11,0,0,0,1,0,529,0,1059,364,310,10,36,2,206,56,4510,127,1746,205,2432,64,3547,124,2302,1117,4,199,14054
FEB12,2,9,6,0,2,1,0,1652,67,736,187,662,528,117,411,161,91,70,335,20,1,63,251,2687,4016,2328,2273,55,459,1229,123,3346,1051,8692,759,1391,2684,3858,1115,141,38,212,23,701,429,144,51,224,10,18772,3860,23,1700,146,181,1810,12,3,0,8,0,0,0,0,1,510,0,950,385,273,6,43,1,179,44,4084,100,1744,182,2058,32,3210,132,2046,1031,1,188,13504
MAR12,0,5,3,0,1,1,0,1767,71,750,228,718,413,104,309,155,84,71,299,37,6,39,217,2639,4264,2677,2626,51,383,1204,135,3561,1268,9941,768,1483,3155,4535,1451,54,43,467,28,859,440,153,62,215,10,21060,4039,26,1846,140,221,1806,19,0,1,9,3,3,0,1,2,456,0,985,429,356,23,50,3,216,64,4418,101,1776,197,2344,53,3188,143,2069,974,2,258,14201
APR12,7,8,6,0,0,2,0,1560,64,701,165,630,338,90,248,162,87,75,271,25,3,39,204,2346,4171,2553,2504,49,404,1214,127,3333,1068,9138,753,1316,2742,4327,1215,85,30,356,53,691,419,145,51,217,6,19471,3254,41,1502,113,109,1489,1,0,0,0,1,0,0,0,0,405,0,862,308,322,16,63,0,200,43,4098,104,1691,191,2112,32,3092,148,2011,933,0,153,12527
MAY12,5,4,4,0,0,0,0,1540,81,672,181,606,368,89,279,177,110,67,327,19,4,54,250,2421,3933,2406,2359,47,326,1201,117,3978,1047,9187,733,1568,2572,4314,1442,55,46,313,29,999,467,154,53,250,10,20171,4560,41,2048,134,310,2027,17,0,0,16,0,0,0,0,1,460,0,828,295,365,10,64,5,232,54,4108,83,1709,216,2100,33,3245,129,2122,994,0,225,14136
JUN12,3,6,3,0,0,3,0,1428,79,584,190,575,343,97,246,168,107,61,290,24,1,48,217,2238,3546,2128,2096,32,311,1107,124,3019,1157,8460,700,1319,2506,3935,1102,38,25,288,26,725,370,106,55,206,3,17778,3995,29,1820,114,204,1828,28,6,1,15,2,0,0,0,4,530,1,823,307,353,20,56,9,210,58,3969,101,1638,211,2019,11,3258,123,2120,1013,2,191,13466
JUL12,5,5,3,0,0,2,0,1543,72,675,185,611,371,112,259,131,68,63,301,27,1,55,218,2356,3479,2021,1980,41,331,1127,106,3383,1009,8495,644,1226,2446,4179,1038,65,24,235,38,676,396,136,42,213,5,17906,4587,30,2066,146,241,2104,9,0,0,6,2,0,1,0,0,563,0,906,290,321,7,48,2,212,52,4195,93,1763,211,2128,39,3398,148,2140,1105,5,209,14517
AUG12,4,9,4,0,0,5,0,1608,57,693,210,648,405,97,308,141,81,60,345,27,6,62,250,2512,3455,2099,2051,48,257,1099,119,3629,963,8050,656,1343,2299,3752,1243,109,19,471,24,620,466,160,46,255,5,17925,5196,171,2278,145,253,2349,7,0,0,5,0,0,0,1,1,544,0,994,327,413,15,61,7,268,62,4262,92,1734,256,2180,51,3654,140,2171,1342,1,235,15683
SEP12,5,6,3,0,0,3,0,1623,69,743,223,588,512,120,392,163,86,77,285,12,4,39,230,2594,3469,2095,2045,50,297,1077,133,3321,919,8127,690,1292,2229,3916,1188,90,10,335,21,732,385,139,32,206,8,17542,4245,18,2004,92,151,1980,1,0,0,1,0,0,0,0,0,541,0,1033,343,304,6,41,2,215,40,4249,90,1733,213,2213,15,3392,155,2159,1076,2,259,14382
OCT12,3,7,5,0,0,2,0,1691,68,780,241,602,441,126,315,203,124,79,338,24,3,80,231,2683,4284,2600,2546,54,342,1342,149,4641,1078,9168,798,1331,2551,4488,1717,110,28,556,26,997,396,109,35,245,7,21433,5321,126,2057,156,774,2208,7,0,0,5,0,0,0,0,2,410,0,1146,363,447,16,80,3,275,73,4412,79,1898,223,2212,13,3353,163,2084,1103,3,229,15701
NOV12,4,12,7,0,0,5,0,1840,70,844,213,713,457,98,359,171,82,89,315,18,6,67,224,2799,3951,2579,2523,56,282,1090,147,3469,1166,9459,834,1490,2511,4624,2506,36,27,492,55,1896,491,144,45,290,12,21189,5004,40,2129,144,590,2101,15,0,2,11,0,0,0,1,1,612,0,1099,345,381,8,66,3,261,43,4658,106,1902,225,2425,19,3617,160,2281,1173,3,289,16039
DEC12,8,9,7,0,0,2,0,1808,93,841,237,637,385,115,270,166,103,63,349,34,9,46,260,2725,3899,2527,2469,58,281,1091,124,3599,1087,8998,803,1408,2284,4503,1721,72,49,761,39,800,425,159,30,233,3,19853,4586,27,2057,129,210,2163,11,0,0,3,2,0,0,0,6,803,0,1279,397,368,15,46,0,274,33,5123,112,2057,226,2728,37,3936,181,2547,1207,1,200,16740
JAN13,4,5,0,1,0,4,0,1599,92,717,216,574,406,112,294,141,90,51,318,27,6,33,252,2473,3939,2411,2359,52,333,1195,128,3509,1100,9347,855,1404,2583,4505,1614,155,33,479,28,919,439,175,36,219,9,20076,4138,26,1860,152,210,1890,6,0,0,5,0,0,0,0,1,546,0,1242,375,338,13,41,3,241,40,4488,99,1811,274,2304,27,3291,115,2127,1047,2,197,14648
FEB13,4,5,2,0,1,2,0,1598,55,749,225,569,386,104,282,153,82,71,250,23,6,43,178,2396,3760,2432,2389,43,271,1057,105,2992,1099,8402,735,1315,2314,4038,1704,124,21,810,46,703,390,137,26,218,9,18452,3864,33,1706,139,170,1816,13,3,2,6,1,0,0,0,1,481,0,979,287,318,11,36,0,239,32,3875,86,1597,226,1966,52,2920,133,1849,937,1,206,12995
MAR13,1,11,8,0,2,1,0,1746,80,826,228,612,506,130,376,175,79,96,325,22,6,44,253,2764,4157,2761,2717,44,264,1132,122,3163,1156,8666,737,1334,2623,3972,1726,171,36,444,33,1042,430,137,34,249,10,19420,4437,20,1938,125,311,2043,13,0,0,10,1,0,0,1,1,566,0,1119,368,339,5,40,9,236,49,4366,102,1800,220,2244,48,3568,166,2336,1060,6,327,15151
APR13,6,4,3,0,0,1,0,1417,71,609,231,506,391,77,314,130,71,59,281,16,8,38,219,2229,3653,2364,2314,50,225,1064,110,3275,1029,8396,721,1368,2414,3893,1328,59,16,478,39,736,373,137,43,186,7,18164,4052,34,1787,132,149,1950,8,1,2,3,0,0,0,0,2,533,0,935,392,331,7,27,4,159,134,3973,96,1663,257,1957,16,3259,141,2193,918,7,221,13720
MAY13,5,9,5,0,0,4,0,1499,75,658,243,523,515,138,377,142,71,71,239,23,2,47,167,2409,3615,2301,2264,37,250,1064,114,3057,990,8744,721,1441,2651,3931,2035,75,44,793,64,1059,494,200,58,227,9,19049,5266,44,2259,155,331,2477,12,0,1,8,1,0,0,0,2,604,0,1040,378,374,14,49,3,172,136,4164,101,1739,286,2038,24,3100,141,2024,933,2,245,15207
JUN13,1,10,4,1,4,1,0,1470,63,608,271,528,380,114,266,170,86,84,257,21,4,42,190,2288,3536,2243,2203,40,265,1028,105,2858,1031,8381,663,1403,2656,3659,1698,58,27,506,31,1076,408,175,35,191,7,18017,4173,19,1894,115,155,1990,9,2,1,4,0,0,1,0,1,581,0,986,384,346,11,49,1,135,150,4312,103,1758,301,2150,27,3077,154,2018,898,7,274,14169
JUL13,4,5,2,0,1,2,0,1452,82,584,242,544,419,97,322,147,75,72,244,21,6,43,174,2271,3522,2044,2010,34,320,1158,99,3475,1000,8682,622,1275,2656,4129,1782,120,34,739,88,801,530,172,82,274,2,19090,5505,30,2448,156,249,2622,10,0,0,8,0,0,0,1,1,770,0,1046,354,465,13,74,4,149,225,4273,86,1848,250,2089,87,3737,153,2212,1368,4,317,16564
AUG13,5,5,4,0,0,1,0,1557,74,676,258,549,461,140,321,157,99,58,260,17,8,46,189,2445,3046,1924,1890,34,184,938,110,3330,900,8113,636,1185,2351,3941,1325,65,16,454,37,753,481,156,57,266,2,17305,6074,43,2727,186,198,2920,7,1,0,3,0,0,0,0,3,711,0,1133,360,364,13,44,2,149,156,4973,87,2126,318,2442,31,4076,165,2481,1430,0,300,18029
SEP13,3,10,8,0,0,2,0,1536,82,647,281,526,486,95,391,174,102,72,293,36,7,55,195,2502,2890,1889,1843,46,167,834,90,3138,839,7788,681,1172,2130,3805,1499,63,29,503,37,867,398,153,55,187,3,16642,5073,35,2238,153,271,2376,8,0,0,4,3,0,0,0,1,614,0,1102,425,365,7,40,1,174,143,4553,112,1807,342,2292,25,3751,166,2321,1263,1,323,16239
OCT13,0,5,3,0,0,2,0,1575,64,659,327,525,507,150,357,120,72,48,319,29,12,62,216,2526,3036,2004,1955,49,173,859,96,3097,820,8270,789,1339,2013,4129,1429,72,32,585,78,662,395,151,56,184,4,17143,5760,46,2549,211,290,2664,11,0,0,4,0,3,0,0,4,632,0,1220,385,459,15,56,0,199,189,4788,78,1992,317,2401,43,3595,161,2161,1272,1,356,17249
NOV13,3,4,2,1,0,1,0,1658,74,771,246,567,461,130,331,123,75,48,298,14,14,78,192,2547,3043,2015,1979,36,185,843,109,3076,850,8145,757,1409,2050,3929,1347,69,37,604,34,603,408,152,42,210,4,16978,5358,28,2385,182,219,2544,14,0,2,6,2,3,0,0,1,674,0,1254,337,440,15,71,3,150,201,5182,118,1981,420,2663,54,3585,127,2247,1209,2,331,17229
DEC13,4,9,7,0,0,2,0,1635,90,766,214,565,410,119,291,130,73,57,261,30,12,50,169,2449,3033,1996,1960,36,181,856,112,3036,823,8333,804,1471,2150,3908,1332,114,37,531,31,619,462,196,47,209,10,17131,5358,15,2443,145,192,2563,6,0,0,2,1,0,0,0,3,708,0,1393,362,426,20,63,1,174,168,5281,123,2236,337,2585,33,3835,148,2412,1272,3,215,17617
JAN14,2,10,4,1,1,4,0,1550,79,736,221,514,438,150,288,144,77,67,269,20,10,54,185,2413,3248,2030,1983,47,233,985,114,3277,898,8685,842,1395,2255,4193,1468,91,31,600,37,709,410,176,39,185,10,18100,5086,25,2218,159,229,2455,9,0,0,4,2,0,0,2,1,621,0,1345,360,394,11,61,1,151,170,5384,118,2328,330,2608,35,3538,177,2182,1178,1,233,17005
FEB14,6,9,6,0,1,2,0,1499,67,727,196,509,436,114,322,131,82,49,242,15,7,58,162,2323,2878,1827,1789,38,172,879,100,2774,833,7952,697,1313,2124,3818,1565,88,16,734,43,684,365,131,39,188,7,16467,4886,11,2147,168,165,2395,7,0,0,4,0,1,0,0,2,504,0,1170,361,374,7,56,0,132,179,4250,86,1841,330,1993,50,3067,162,1955,949,1,284,14953
MAR14,5,14,10,0,1,3,0,1675,82,748,234,611,487,109,378,109,53,56,314,29,16,67,202,2604,3321,2143,2081,62,158,1020,102,2970,914,8917,824,1501,2288,4304,1644,90,19,612,45,878,459,191,29,234,5,18327,5323,34,2372,181,220,2516,4,0,0,2,0,0,0,0,2,563,0,1311,485,468,11,65,1,169,222,4960,120,2006,362,2472,80,3484,180,2367,935,2,390,17068
APR14,4,4,2,0,1,1,0,1365,76,647,192,450,422,119,303,140,61,79,211,16,7,56,132,2146,3167,2077,2035,42,245,845,93,2799,839,7921,662,1295,2172,3792,1384,70,23,719,30,542,340,129,41,165,5,16543,4853,36,2145,136,268,2268,8,0,0,7,0,1,0,0,0,599,0,1196,388,369,5,53,1,129,181,4510,100,1989,331,2090,37,3108,146,1997,965,0,267,15335
MAY14,3,6,5,0,0,1,0,1427,59,667,204,497,536,157,379,96,43,53,275,26,7,49,193,2343,3029,1933,1882,51,199,897,78,2563,803,8226,665,1419,2196,3946,1592,104,64,660,38,726,449,186,44,213,6,16740,6165,25,2654,178,473,2835,6,0,0,4,1,1,0,0,0,682,0,1214,424,420,12,57,3,163,185,4727,100,2018,331,2278,77,3448,144,2203,1095,6,388,17551
JUN14,3,5,3,0,0,2,0,1358,54,638,184,482,394,110,284,101,58,43,177,10,16,48,103,2038,2853,1817,1780,37,150,886,96,2733,763,7879,657,1282,2198,3742,1408,56,10,652,69,621,431,157,49,217,8,16163,5995,35,2671,167,290,2832,5,0,0,3,1,0,0,0,1,723,0,1167,376,407,11,62,2,141,191,4938,123,2196,352,2267,68,3323,148,2134,1039,2,369,17371
JUL14,3,5,2,0,1,2,0,1344,47,616,191,490,477,146,331,107,63,44,208,11,8,54,135,2144,2343,1421,1398,23,109,813,104,2472,710,7832,613,1368,2094,3757,3290,190,20,674,31,2375,389,162,29,191,7,17140,6173,56,2718,153,325,2921,3,0,0,2,0,0,0,0,1,716,0,1134,339,429,13,52,0,137,227,4710,88,2120,388,2114,27,3169,122,1944,1102,1,316,17016
AUG14,3,7,6,0,0,1,0,1425,66,641,188,530,495,157,338,103,53,50,255,43,8,28,176,2288,2474,1470,1433,37,115,889,132,2522,738,7798,587,1462,2169,3580,2309,101,22,664,42,1480,375,149,36,183,7,16348,6715,48,2977,181,379,3130,0,0,0,0,0,0,0,0,0,819,0,1241,341,451,11,67,0,159,214,5058,136,2150,353,2419,44,3408,135,2150,1122,1,361,18438
SEP14,1,7,5,0,0,2,0,1458,56,689,204,509,695,132,563,106,67,39,231,22,9,32,168,2498,2643,1639,1609,30,151,853,100,2750,689,8100,633,1581,2093,3793,1573,67,15,683,62,746,454,182,44,221,7,16309,7196,60,3032,217,423,3464,9,0,1,7,0,0,0,1,0,692,0,1320,422,542,7,75,3,218,239,5129,114,2288,431,2296,51,3544,181,2212,1149,2,375,19280
OCT14,5,7,3,0,1,3,0,1685,59,784,272,570,522,155,367,105,54,51,268,26,3,49,190,2592,2499,1577,1523,54,134,788,103,2819,669,8062,660,1403,2063,3936,2166,131,30,834,30,1141,484,198,60,221,5,16802,8225,56,3541,244,381,4003,5,0,0,1,0,3,0,1,0,679,0,1399,508,622,12,74,4,223,309,5725,90,2334,439,2862,65,3570,183,2209,1176,2,341,21139
NOV14,4,11,8,0,0,3,0,1633,66,795,243,529,591,164,427,104,64,40,257,34,5,44,174,2600,2605,1666,1612,54,134,805,117,2920,758,7870,711,1310,1987,3862,1940,97,32,817,259,735,452,166,50,225,11,16662,5679,60,2622,150,311,2536,4,0,0,4,0,0,0,0,0,595,0,1489,469,452,9,38,0,165,240,5094,125,1882,318,2769,27,2979,149,1847,981,2,333,17121
DEC14,13,5,3,1,0,1,0,1518,63,713,270,472,416,144,272,95,44,51,235,22,7,49,157,2282,2762,1741,1703,38,183,838,77,2826,762,7909,668,1528,1911,3802,1576,16,18,742,31,769,411,159,46,202,4,16323,6650,45,2956,155,409,3085,4,0,0,3,0,0,0,1,0,519,0,1570,487,480,9,56,0,182,233,4978,72,2106,305,2495,34,3299,150,2094,1051,4,270,18291
JAN15,5,6,3,2,0,1,0,1398,73,691,205,429,490,131,359,102,42,60,272,17,8,55,192,2273,2690,1659,1605,54,160,871,86,2735,748,7681,735,1394,1849,3703,1672,6,6,836,94,730,415,163,36,213,3,16027,6374,29,2700,155,499,2991,16,0,0,11,2,1,0,0,2,509,0,1482,475,508,14,57,0,190,247,5207,87,2317,311,2492,38,3366,182,2180,1001,3,382,18357
FEB15,4,5,3,0,1,1,0,1409,50,711,201,447,485,134,351,84,47,37,190,20,4,37,129,2177,2695,1618,1576,42,168,909,79,2378,874,7488,701,1362,1991,3434,1643,12,16,663,80,872,491,179,45,260,7,15648,6467,55,2612,145,613,3042,13,0,0,4,0,1,0,1,7,473,0,1348,413,522,13,66,0,176,267,4462,73,2000,329,2060,44,2852,136,1802,910,4,305,16899
MAR15,7,5,3,0,0,2,0,1614,69,747,253,545,546,154,392,115,49,66,264,23,5,61,175,2551,2800,1738,1691,47,171,891,88,2813,878,8651,698,1610,2188,4155,2419,230,27,966,75,1121,442,182,36,218,6,18091,6905,69,2978,172,494,3192,12,0,0,8,0,0,0,3,1,509,0,1480,488,562,14,52,1,219,276,5034,91,2217,324,2402,60,3210,170,2139,900,1,430,18690
APR15,7,9,6,0,1,2,0,1350,65,641,187,457,479,150,329,106,49,57,212,24,6,45,137,2163,2759,1682,1642,40,188,889,82,2506,708,7917,676,1429,2028,3784,1589,25,16,699,56,793,410,177,39,189,5,15971,6186,25,2666,135,393,2967,16,0,0,7,1,0,0,0,8,517,0,1275,435,437,6,58,3,141,229,5121,80,2450,337,2254,69,2952,147,1887,916,2,282,17290
MAY15,1,4,2,0,0,2,0,1418,57,659,218,484,501,119,382,148,86,62,197,15,4,33,145,2269,2589,1580,1542,38,125,884,82,2540,713,8506,679,1572,2286,3969,1741,8,17,952,57,707,394,184,31,175,4,16565,7305,93,3185,126,571,3330,1,0,0,0,0,0,0,0,1,499,0,1357,470,514,4,47,1,173,289,5170,82,2362,380,2346,39,3609,141,2448,1017,3,313,19277
JUN15,1,7,4,0,0,2,1,1464,114,667,190,493,453,127,326,130,73,57,241,29,9,37,166,2296,2688,1573,1522,51,149,966,68,2513,770,8490,600,1691,2177,4022,1535,25,8,723,42,737,393,187,30,171,5,16457,6968,136,2978,172,497,3185,37,0,0,0,29,2,0,0,6,451,0,1297,357,556,12,65,2,188,289,4626,77,2156,351,2042,57,3357,120,2169,1068,0,481,18187
JUL15,4,6,3,0,1,2,0,1272,53,584,198,437,447,105,342,92,54,38,240,19,4,39,178,2061,2495,1473,1438,35,124,898,84,2600,720,8192,619,1532,2256,3785,2067,16,18,742,58,1233,457,169,71,210,7,16615,7465,113,3350,163,400,3439,3,0,0,2,0,0,0,1,0,554,0,1395,459,582,14,67,0,196,305,4726,66,2228,364,2068,59,3567,134,2274,1157,2,422,19232
AUG15,4,8,5,0,1,2,0,1505,58,734,212,501,553,154,399,122,69,53,241,21,6,45,169,2433,2488,1463,1420,43,130,895,88,2595,725,7726,639,1510,1934,3643,1410,23,17,701,52,617,415,179,30,202,4,15447,7920,55,3505,163,426,3771,4,0,0,0,0,2,0,0,2,589,0,1576,405,588,25,59,1,195,308,5168,89,2245,428,2406,60,4274,204,2860,1210,0,543,21127
SEP15,7,5,5,0,0,0,0,1502,57,687,213,545,417,132,285,128,69,59,220,24,5,53,138,2279,2611,1554,1513,41,142,915,94,2612,779,7833,658,1517,1970,3688,1555,24,7,755,71,698,385,166,28,190,1,15869,7505,82,3193,145,501,3584,1,0,0,0,0,0,0,0,1,481,0,1794,407,474,10,59,0,173,232,4829,55,2245,386,2143,37,3625,196,2396,1032,1,436,19589
OCT15,4,7,6,0,0,1,0,1653,71,770,245,567,613,151,462,123,65,58,256,25,7,52,172,2656,2938,1785,1723,62,152,1001,99,2827,826,8376,692,1577,2102,4005,2124,29,35,906,73,1081,477,189,44,241,3,17667,7585,62,3302,187,602,3432,1,0,0,0,0,0,0,0,1,494,0,2103,494,567,14,76,1,198,278,5214,81,2272,487,2374,36,3727,137,2481,1106,3,526,20747
NOV15,6,10,4,0,1,5,0,1776,73,836,279,588,574,175,399,113,58,55,267,28,8,47,184,2746,2979,1762,1695,67,168,1049,92,3137,822,8892,784,1573,2115,4420,2033,36,10,1326,40,621,479,203,46,223,7,18434,7397,44,3062,211,666,3414,5,0,0,1,3,0,0,1,0,487,0,2051,486,549,18,80,3,150,298,5260,95,2303,426,2436,60,3869,171,2622,1075,1,489,20653
DEC15,6,10,5,0,0,4,1,1721,86,825,261,549,509,116,393,91,50,41,248,31,4,43,170,2585,2701,1804,1748,56,98,799,100,2805,803,8381,729,1784,1846,4022,2103,29,17,1092,79,886,518,248,32,234,4,17411,7653,61,3316,206,579,3491,21,10,2,4,2,0,0,0,3,455,0,2137,547,559,23,55,1,200,280,5354,84,2460,408,2402,39,4068,164,2778,1123,3,455,21288
JAN16,3,12,8,0,0,2,2,1783,187,791,268,537,502,160,342,103,52,51,227,22,2,41,162,2630,2620,1647,1578,69,109,864,115,2986,821,8358,827,1637,1837,4057,2531,24,17,1072,63,1355,397,175,29,189,4,17828,7238,33,3158,161,478,3408,1,1,0,0,0,0,0,0,0,451,0,2133,528,561,12,72,2,203,272,5569,101,2579,444,2445,29,4241,157,2963,1118,3,349,21100
FEB16,2,6,2,1,1,2,0,1944,58,910,283,693,547,130,417,111,52,59,297,18,1,50,228,2907,2630,1573,1514,59,120,937,99,2875,854,8527,726,1696,2080,4025,1804,19,18,952,149,666,440,198,41,192,9,17229,6722,63,3000,190,245,3224,6,2,0,0,2,0,0,1,1,410,0,2069,479,585,8,65,3,179,330,4922,80,2207,506,2129,45,3585,116,2512,953,4,489,19312
MAR16,6,5,4,0,0,1,0,1867,59,915,260,633,532,153,379,127,57,70,343,37,7,90,209,2880,2855,1769,1724,45,134,952,79,2848,914,9319,766,1897,2336,4320,1879,14,47,831,49,938,497,204,36,246,11,18391,7215,42,3056,181,409,3527,7,0,0,4,1,1,0,0,1,416,0,2203,528,624,14,65,2,200,343,5308,89,2302,532,2385,44,3832,161,2592,1077,2,546,20723
APR16,4,3,1,0,0,2,0,1598,61,754,202,581,729,171,558,114,56,58,255,27,5,65,158,2703,2673,1661,1615,46,116,896,101,2787,857,8373,626,1601,2108,4038,2208,31,12,951,61,1153,471,207,42,219,3,17470,7358,58,3167,135,543,3455,0,0,0,0,0,0,0,0,0,478,0,1953,481,536,6,63,0,174,293,5202,86,2297,574,2245,37,3412,172,2239,998,3,409,19866
MAY16,0,9,6,0,1,2,0,1708,72,791,271,574,597,155,442,116,59,57,312,20,10,40,242,2742,2713,1674,1636,38,119,920,97,2785,905,9126,713,1780,2217,4416,1737,20,8,921,216,572,485,195,44,242,4,17848,7964,70,3342,149,735,3668,7,0,0,5,0,0,0,0,2,459,0,2012,580,593,10,67,0,179,337,5141,69,2374,517,2181,67,3376,161,2220,989,6,427,20626
JUN16,4,2,0,0,0,2,0,1627,68,743,237,579,574,130,444,127,61,66,315,24,5,48,238,2649,2798,1726,1688,38,129,943,92,2645,911,9170,681,1878,2356,4255,2005,41,5,889,94,976,515,211,37,264,3,18136,6653,34,2983,138,349,3149,5,0,0,3,0,0,0,1,1,368,0,1758,537,500,11,62,1,135,291,5089,68,2331,495,2195,31,3093,159,1999,932,3,537,18571
JUL16,1,15,9,0,1,3,2,1601,53,805,235,508,423,137,286,121,78,43,305,26,4,65,210,2466,2835,1732,1683,49,133,970,99,2797,934,9016,725,1777,2436,4078,2313,59,7,1145,83,1019,535,200,55,274,6,18529,8151,83,3545,125,560,3838,7,0,0,4,0,0,0,2,1,514,1,1775,446,629,16,67,1,209,336,5258,84,2408,598,2168,23,4020,198,2696,1125,1,348,21172
AUG16,7,11,9,0,0,2,0,1786,80,831,283,592,486,155,331,164,91,73,363,26,6,58,273,2817,2840,1753,1679,74,133,954,85,3108,976,9321,740,1941,2412,4228,2996,33,29,1680,86,1168,604,287,36,277,4,19930,9202,64,3778,201,1059,4100,4,0,0,3,0,0,0,0,1,393,0,2010,504,620,6,85,2,189,338,4987,73,2341,588,1985,19,4085,191,2678,1214,2,551,22375
SEP16,1,5,3,0,0,1,1,1757,54,857,269,577,550,156,394,157,86,71,343,32,14,53,244,2813,3068,1841,1780,61,142,1085,77,3104,1001,9202,659,1790,2341,4412,2190,24,23,1107,69,967,484,206,36,240,2,19126,8165,90,3218,125,1229,3503,10,0,0,6,0,0,0,3,1,386,0,2100,527,586,10,67,2,183,324,5069,66,2387,556,2060,25,3325,155,2196,973,1,455,20648
OCT16,5,22,19,0,2,0,1,1838,90,868,252,628,490,142,348,161,72,89,367,25,9,70,263,2883,3140,1921,1863,58,149,1070,113,3187,1007,9385,724,1758,2356,4547,1926,35,11,955,109,816,477,231,35,205,6,19235,7331,55,3335,167,387,3387,6,2,0,3,0,0,0,0,1,433,0,2329,523,664,19,75,1,215,354,5277,75,2352,546,2304,18,3674,203,2431,1039,1,373,20628
NOV16,5,9,6,0,1,2,0,2004,87,993,297,627,518,163,355,163,92,71,325,25,5,60,235,3024,3132,2014,1948,66,160,958,115,3123,1008,9319,729,1774,2148,4668,3774,44,12,1003,106,2609,442,184,45,207,6,20913,7531,39,3332,181,420,3559,5,0,0,2,0,1,0,1,1,380,1,2354,523,578,18,68,1,171,320,5575,80,2632,583,2280,5,3634,210,2391,1029,4,337,20923
DEC16,3,8,6,0,0,2,0,1919,75,898,327,619,500,162,338,144,77,67,330,31,7,34,258,2904,3050,2071,2008,63,123,856,106,3139,1038,9014,776,1777,2048,4413,2027,26,11,1015,61,914,437,188,32,212,5,18811,6618,46,2681,124,988,2779,4,0,0,1,1,0,0,2,0,541,0,2329,488,501,9,64,4,150,274,5116,68,2326,425,2297,28,3682,187,2508,984,3,565,19872
JAN17,2,8,5,0,1,2,0,1948,72,942,278,656,518,150,368,142,46,96,334,41,6,37,250,2952,3339,2216,2163,53,134,989,119,3308,1107,9623,867,1707,2245,4804,2063,31,10,1061,63,898,430,185,31,206,8,19989,6231,30,2771,139,459,2832,1,0,0,1,0,0,0,0,0,360,0,2273,512,578,5,84,1,175,313,5185,65,2322,502,2296,10,3504,181,2379,941,3,246,18900
FEB17,3,8,3,0,1,3,1,2043,75,1007,294,667,498,169,329,161,71,90,429,35,5,82,307,3142,3064,2083,2011,72,142,839,95,2868,1005,8601,656,1647,1960,4338,1982,40,17,1108,100,717,391,148,28,212,3,18006,5767,20,2518,149,283,2797,4,0,0,2,0,0,0,2,0,343,0,2217,461,513,15,55,2,158,283,4662,80,2101,458,2023,45,3103,183,2089,830,1,282,17397
MAR17,4,7,4,0,0,3,0,2012,81,1011,269,651,562,197,365,128,72,56,422,30,9,53,330,3135,3173,2056,1997,59,186,931,102,3169,969,9113,687,1744,2128,4554,2621,59,9,1014,134,1405,494,212,27,248,7,19641,6555,79,2770,172,472,3062,14,0,6,1,2,0,0,1,4,358,0,2306,546,539,17,70,2,147,303,4936,65,2135,478,2258,20,3392,167,2283,941,1,337,19003
APR17,3,6,4,0,1,1,0,1766,72,863,271,560,473,148,325,128,61,67,378,30,9,48,291,2754,2983,1883,1836,47,183,917,103,3053,962,8956,644,1602,2507,4203,1787,28,71,1056,167,465,384,148,46,187,3,18228,5210,35,2325,79,394,2377,14,0,0,11,0,0,0,1,2,335,0,2049,495,450,8,60,6,128,248,4444,67,1926,356,2095,4,3090,134,2220,736,0,221,16312
MAY17,5,6,5,0,0,1,0,1869,75,890,249,655,451,130,321,134,57,77,352,23,3,45,281,2817,3281,2047,1988,59,186,1048,103,2987,987,9632,725,1863,2394,4650,2089,24,16,1076,113,860,464,195,43,219,7,19543,7129,45,3128,124,431,3401,14,0,0,3,0,0,0,8,3,375,1,2082,518,562,19,68,2,164,309,4637,49,2067,529,1992,11,3440,152,2398,888,2,308,19077
JUN17,1,2,2,0,0,0,0,1713,70,839,243,561,579,187,392,147,79,68,327,19,9,45,254,2769,2884,1848,1800,48,142,894,85,2816,956,9492,687,1932,2354,4519,2637,35,13,1425,90,1074,500,216,50,230,4,19370,6922,39,2995,145,441,3302,14,0,0,7,0,0,0,2,5,378,0,1962,432,532,15,62,3,162,290,4446,56,2013,405,1972,18,3294,141,2335,816,2,367,18365
JUL17,1,3,2,0,0,1,0,1797,57,931,216,593,531,149,382,163,64,99,355,14,10,59,272,2850,2822,1728,1665,63,138,956,113,2819,963,9012,644,1700,2446,4222,2857,43,4,1076,70,1664,473,202,49,219,3,19059,6906,33,3097,144,359,3273,16,0,0,8,0,0,0,5,3,509,0,2084,426,521,13,56,3,155,294,4557,70,2117,410,1960,1,3604,199,2563,839,3,271,18895
AUG17,4,4,2,0,0,2,0,1878,66,916,233,663,565,191,374,142,71,71,404,29,4,52,319,2997,2850,1727,1675,52,150,973,113,2949,957,9252,617,1686,2348,4601,1658,35,11,782,79,751,409,184,25,195,5,18188,7045,47,3298,129,289,3282,7,0,0,5,0,0,0,2,0,521,0,2063,468,515,9,50,4,143,309,4610,69,2093,527,1921,18,3579,186,2520,872,1,288,19114
SEP17,3,6,5,1,0,0,0,1856,73,905,253,625,668,218,450,130,63,67,369,20,3,39,307,3032,2972,1870,1816,54,152,950,134,3010,992,9672,686,1736,2454,4796,1792,46,6,780,280,680,430,187,28,206,9,19002,8191,39,2711,115,2512,2814,11,0,0,2,0,0,0,1,8,357,0,2149,486,493,8,47,3,161,274,4455,57,2033,471,1894,9,3085,160,2198,725,2,280,19516
OCT17,3,9,7,0,0,2,0,2112,85,997,286,744,514,162,352,177,92,85,358,26,10,64,258,3173,3349,2025,1978,47,186,1138,109,3151,1118,10425,748,1843,2699,5135,2039,52,7,992,115,873,467,182,40,241,4,20658,6984,88,2867,140,831,3058,1,0,0,0,0,0,0,1,0,433,0,2235,508,526,11,63,1,169,282,4591,62,2018,479,2032,11,3348,152,2321,874,1,235,18872
NOV17,6,6,4,0,0,2,0,2153,89,1023,267,774,567,193,374,179,92,87,385,27,12,57,289,3296,3081,1963,1916,47,144,974,99,3174,1022,10471,746,1957,2498,5270,2246,55,9,1278,127,777,516,224,23,260,9,20609,6505,44,2889,160,320,3092,10,0,0,2,0,0,0,0,8,417,0,2158,531,510,8,44,3,159,296,4516,89,1941,431,2055,6,3356,168,2358,826,4,283,18292
DEC17,4,1,1,0,0,0,0,2057,86,970,268,733,429,160,269,191,97,94,343,22,6,36,279,3025,3543,2327,2256,71,169,1047,93,3250,1179,10379,766,1913,2529,5171,1667,55,6,804,100,702,425,212,36,172,5,20536,5954,34,2426,130,824,2540,5,2,0,3,0,0,0,0,0,485,0,2331,525,525,8,40,0,160,317,4823,97,2127,396,2203,4,3420,174,2531,715,0,199,18271
